customer_id,first_name,last_name,date_of_birth,address,city,postcode,account_balance,last_login
1,Klaus,Tice,11/17/1977,1 Muir Drive,Strellc i Ulët,,621196.77,2020-09-25T01:44:51Z
2,Marjorie,Vannikov,06/05/1981,4 Scott Alley,Skidal’,,913361.46,2021-06-22T09:58:31Z
3,Joela,Sawnwy,7/20/1997,354 Carpenter Pass,Panganiban,4806,421509.14,2021-05-06T11:09:00Z
4,Joanne,Malin,6/18/1970,37379 Pankratz Avenue,Taoyuan,,220669.27,2021-09-02T00:56:58Z
5,Thorsten,Hewertson,6/28/2002,0 Clemons Park,Ibadan,,639298.96,2020-05-21T04:33:15Z
6,Regina,Manston,08/11/1995,906 Forest Dale Crossing,Bajram Curri,,48762.39,2020-09-26T00:16:03Z
7,Avie,Marchent,7/21/2002,6072 Summerview Center,Yangzhuang,,491349.34,2021-09-23T19:43:30Z
8,Estel,Skett,7/25/1988,9 Anthes Place,Rafaï,,925127.35,2020-05-19T18:35:34Z
9,Murdoch,Fayre,01/09/1973,324 Butterfield Plaza,Ilesa,,456755.67,2021-05-17T09:10:09Z
10,Alexio,McSparran,3/24/1972,7 Nevada Plaza,Si Khoraphum,67160,830669.04,2021-09-02T14:15:08Z
11,Wilfred,Bugden,11/04/2005,9 Novick Street,Nīkshahr,,310091.75,2021-07-08T11:09:56Z
12,Derril,Dowderswell,5/30/1992,67 Homewood Trail,Killarney,V9B,838239.03,2020-09-11T00:44:21Z
13,Bianca,Legier,5/13/1981,3083 Utah Street,Russkaya Polyana,646780,183897.73,2020-08-08T21:39:14Z
14,Gilles,Barsham,07/06/1985,05715 Jackson Terrace,Umeå,907 31,114805.94,2020-05-03T06:25:49Z
15,Augusta,Tretter,6/30/1988,6727 Emmet Road,Lianhe,,856676.24,2021-10-16T21:28:23Z
16,Therine,Dudding,1/28/2004,43 Glacier Hill Center,At Tibnī,,643674.21,2020-01-05T20:14:11Z
17,Harbert,Iwanczyk,09/10/1986,10259 Messerschmidt Lane,Ban Ko Lan,48180,23269.61,2020-02-05T01:50:13Z
18,Teri,Bladge,09/06/1986,8 Northfield Road,Chone,,897972.28,2020-02-09T13:25:44Z
19,Lita,Berns,8/18/1984,5 Columbus Terrace,Burgaltay,,143527.25,2021-10-11T09:34:48Z
20,Harrietta,Blundan,3/29/2003,15 Redwing Way,Motong,,278867.52,2020-12-20T02:20:49Z
21,Kerrill,Le Jean,11/02/1996,604 Roxbury Way,Parung,,685995.56,2020-11-21T12:59:08Z
22,Rosco,Levinge,1/24/1970,317 Bashford Court,Qindu,,338900.55,2020-07-26T11:38:59Z
23,Nonnah,Dufaire,8/17/1976,5185 Lake View Parkway,Shahre Jadide Andisheh,,295424.8,2021-06-11T14:20:40Z
24,Paula,Armor,10/17/1988,1 Grasskamp Road,Sanjiazi,,500084.18,2020-11-23T16:05:04Z
25,Galvan,Hinrich,10/02/1984,3571 Prairie Rose Way,Dongke,,778515.29,2020-10-09T11:03:16Z
26,Evangelia,Bum,1/22/1973,83 Monica Road,Bontoc,6604,743029.33,2021-11-18T18:40:30Z
27,Quincy,Imlock,8/15/1997,7 Portage Drive,Memphis,38150,348931.19,2021-03-25T07:17:56Z
28,Shurlock,Teager,11/20/2000,98 Arizona Point,Mayakovski,,347000.93,2020-07-21T10:17:39Z
29,Amberly,Pucker,7/15/1977,7426 Derek Avenue,Dengok,,181127.88,2021-09-22T17:41:06Z
30,Ameline,Sherrum,01/04/1987,92449 Nobel Drive,Sävsjö,576 24,277569.03,2021-06-09T13:25:13Z
31,Vittoria,Capponeer,03/06/1988,77 Tomscot Junction,Yemva,169205,528591,2020-12-30T22:26:33Z
32,Issie,Osorio,04/10/1986,216 Thierer Plaza,Osasco,06000-000,902701.87,2021-01-07T21:16:03Z
33,Ashia,Chubb,11/11/2003,18 Dayton Center,Khlong Luang,12120,670665.7,2021-11-05T01:56:52Z
34,Phyllida,Kuhnel,9/13/1982,4 Reindahl Hill,Guadalupe,33538,51819.21,2020-06-11T22:01:25Z
35,Godiva,Craigmile,03/06/1970,5716 Northport Way,Funehikimachi-funehiki,963-4603,600998.52,2020-02-17T17:43:46Z
36,Richart,Rosie,5/23/1980,999 Lake View Parkway,Langtad,2425,491240.66,2021-10-25T04:43:52Z
37,Lionello,Matusson,1/28/1995,2 Schurz Street,Khafizan,,553241.68,2020-04-08T12:31:35Z
38,Baudoin,Bullas,02/04/1980,683 Maywood Hill,Dado,5037,195312.38,2021-07-05T22:43:24Z
39,Jenda,Klimentyev,10/03/1977,17 Magdeline Terrace,Oklahoma City,73190,664086.46,2021-05-28T18:03:28Z
40,Donna,Conyer,11/06/1979,6 Paget Place,Shiziling,,685932.89,2020-08-05T10:35:14Z
41,Leeanne,Benardet,12/12/1977,946 Mitchell Hill,Siepraw,32-447,991238.85,2020-07-12T01:50:22Z
42,Morie,De Bruin,10/18/1991,5 Sundown Place,El Carmen,547079,76552.47,2021-10-10T05:08:14Z
43,Hamel,Sowter,02/01/1973,08 Caliangt Pass,Kuching,93504,208707.43,2021-04-27T18:23:38Z
44,Erich,Kobus,8/22/1971,3 Ruskin Crossing,Danjiangkou,,495864.92,2021-10-30T00:35:39Z
45,Cherilynn,Corre,03/02/1990,5 Montana Center,Lingshan,,824923.5,2020-12-15T10:27:43Z
46,Lucias,Haglington,01/12/1975,962 Gulseth Court,Žandov,403 39,526996.75,2020-12-18T08:53:11Z
47,Seward,McGrann,6/19/1989,6046 Rowland Parkway,Podhum,51218,462783.04,2020-05-31T06:28:43Z
48,Austin,Orriss,04/01/1982,157 Kim Place,Kokotów,32-020,3497.34,2021-09-03T23:37:47Z
49,Mark,Atlee,05/09/1995,945 Bartelt Crossing,Gojō,648-0002,813062.37,2020-08-05T23:26:19Z
50,Lynnell,Howel,4/27/1996,743 Lakewood Gardens Terrace,Pantano do Sul,78830-000,677747.08,2020-02-22T13:32:41Z
51,Larina,Cuell,2/20/1990,7118 Fisk Trail,Ubay,6315,262867.66,2021-02-19T12:28:17Z
52,Gino,Reading,8/21/1988,1 Continental Alley,Mahalapye,,305886.08,2020-11-21T11:36:28Z
53,Damon,Sijmons,9/16/1973,6 Tennyson Lane,Tikhoretsk,422120,889073.92,2021-12-05T16:48:54Z
54,Ara,Raff,6/22/2000,190 Eastlawn Park,São Julião do Tojal,2660-363,295201.5,2020-06-12T05:21:30Z
55,Daryn,Niaves,10/21/1993,28447 Harper Crossing,Daoxu,,2225.4,2020-02-29T13:55:47Z
56,Valentino,Westell,9/13/1982,65 East Court,Janeng,,19944.56,2021-12-16T05:45:27Z
57,Bertram,Bampfield,2/15/1979,7149 Laurel Park,Bojnik,,522898.28,2020-10-04T23:41:29Z
58,Breanne,Rookesby,04/03/1971,9 East Way,Ipoh,30200,734020.82,2021-01-04T03:03:32Z
59,Lusa,Vallow,6/20/1972,03450 Grover Park,Kālia,7521,659545.14,2021-05-17T04:17:04Z
60,Buddie,Tawse,3/21/1973,36832 Caliangt Hill,Malianchuan,,255188.93,2021-04-12T12:00:21Z
61,Del,Callaway,12/15/1990,66204 Wayridge Center,Santa Luċija,SLC,14613.35,2020-06-25T15:40:05Z
62,Russ,Dankov,3/29/2003,1 Sachtjen Terrace,Nianyushan,,627853.02,2020-10-27T04:47:08Z
63,Ermentrude,Easterbrook,6/16/1976,69 Service Point,Valença,27600-000,463969.34,2020-06-05T08:54:03Z
64,Rebekah,Mackney,12/01/1993,61327 Aberg Pass,Fangfan,,995895.44,2020-07-02T13:49:27Z
65,Annecorinne,Savage,5/14/1976,0868 Oak Court,Miskolc,3515,68561.58,2021-12-28T02:42:52Z
66,Anallese,Shimwell,11/05/1976,03 Comanche Hill,Caldas das Taipas,4805-081,603677.19,2020-07-15T06:52:42Z
67,Hermia,Flipek,12/29/1997,71 Reinke Point,Santo Amaro,5155-655,385989.79,2020-07-09T15:13:22Z
68,Theadora,Trasler,03/12/1978,59650 Graceland Point,Zhongbao,,197495.8,2021-06-05T15:28:23Z
69,Tootsie,Abbie,1/23/1992,29693 Gateway Place,Tor,,734656.25,2020-10-19T11:26:48Z
70,Ari,Manjot,4/22/1994,2 Milwaukee Pass,Navegantes,88375-000,91312.12,2021-08-19T14:45:50Z
71,Jackie,Harring,9/17/1998,2131 Vahlen Place,Silihe,,955788.12,2021-02-23T22:49:20Z
72,Douglass,Gwyther,2/23/1995,92245 Eagle Crest Center,Zhuxing Chaoxianzu,,107119.2,2021-10-04T13:29:39Z
73,Sibel,Nabarro,05/11/1988,76624 Mockingbird Way,Naivasha,,999363.01,2020-01-16T18:27:28Z
74,Valeda,Solly,6/30/1990,36 Anthes Park,Paris La Défense,92901 CEDEX,408420.05,2020-10-31T10:06:58Z
75,Garald,Handslip,04/05/1993,5485 Mcbride Way,Taoshan,,708528.9,2021-05-03T21:37:03Z
76,Idalia,Borman,11/11/1984,178 Stoughton Trail,Gusinoozyorsk,671178,945746.93,2020-05-01T20:20:49Z
77,Krishna,Jepson,12/31/1998,61865 Ohio Road,Mungkin,,573917.55,2021-05-22T18:10:02Z
78,Tom,Crinkley,12/17/1982,9 Scoville Alley,Xinxikou,,400188.85,2020-11-07T14:14:08Z
79,Stephine,Pickring,5/28/1973,1205 Northport Lane,Ambohitseheno,,505420.57,2020-03-13T16:32:52Z
80,Aggy,Charge,2/24/1984,07398 Kropf Way,Erqu,,515095.67,2021-12-15T12:55:54Z
81,Micheal,Herrema,4/21/1982,671 Glacier Hill Street,Saitama,343-0801,231799,2020-11-24T00:36:43Z
82,Bell,Marland,9/16/1974,4525 Warbler Lane,Pyay,,837826.35,2021-12-29T04:11:21Z
83,Deb,Dayton,2/24/1981,9253 Cody Lane,Babahoyo,,748063.24,2021-08-06T22:53:09Z
84,Alta,Braven,8/20/1977,54 Superior Circle,Murovanoye,,582527.73,2021-07-07T08:36:49Z
85,Niel,Turmell,9/20/1982,5 Randy Point,Xinbu,,696746.57,2020-05-02T05:24:46Z
86,Karlik,Metherell,5/16/1994,195 Blaine Terrace,Kuala Lumpur,50943,193640.67,2021-11-15T03:13:20Z
87,Ashlan,Muzzi,8/28/1993,8831 Doe Crossing Parkway,Lagoa do Itaenga,55840-000,407130.96,2020-05-16T10:09:00Z
88,Sissy,Pideon,10/08/1993,905 Esker Junction,Shaba,,476723.75,2020-03-30T10:09:39Z
89,Zahara,Reding,04/11/1985,6310 Donald Hill,Koesan,,506131.58,2021-12-16T09:17:23Z
90,Shelbi,Toopin,02/02/1972,792 Tomscot Court,Limoges,87015 CEDEX 1,900434.65,2021-06-26T08:52:17Z
91,Toinette,Trousdell,5/18/1978,29638 Duke Crossing,Acevedo,417088,64885.8,2020-10-18T10:03:57Z
92,Edgard,Barling,07/04/1972,95 Express Alley,Galis,,824800.94,2021-02-23T09:42:18Z
93,Nikolia,Simmins,07/06/1997,23763 Vahlen Crossing,Santa Rosa del Sara,,10588.44,2020-08-24T09:32:20Z
94,Dougy,Jacques,08/05/1981,75 Melby Lane,Mojorembun,,43617.33,2020-12-18T23:59:59Z
95,Trevar,Kiddey,11/12/1976,73730 Delladonna Parkway,Tiébo,,321534.66,2020-01-09T11:08:03Z
96,Emery,Heinlein,03/06/1992,0108 Cardinal Park,Baitouli,,910733.44,2020-03-15T06:54:52Z
97,Wilfred,Cardinale,6/28/1988,54159 Lake View Avenue,Hengshi,,691043.76,2021-10-26T12:53:38Z
98,Elnore,Pettie,10/02/1973,7105 Bonner Court,Nechanice,503 15,793710.32,2020-03-08T13:21:59Z
99,Clementine,Bedle,3/31/1976,5 East Road,Xia Dawo,,987506.59,2021-01-12T17:48:54Z
100,Cherish,Huddles,1/20/1986,3704 Scott Center,Kalatongke,,979854.94,2020-06-23T09:33:45Z
101,Edgard,Lighten,12/25/1984,6 Caliangt Hill,Jiulong,,881269.42,2021-02-10T06:11:44Z
102,Colin,Kenwell,12/16/1987,826 Montana Junction,Medenine,,66055.46,2020-08-20T10:13:58Z
103,Moses,Sercombe,4/27/2002,51939 Dapin Avenue,Pangalangan,,833500.8,2020-07-14T06:38:42Z
104,Roderic,McNeigh,11/02/1993,3216 Kedzie Road,Carcarañá,2138,223380.85,2020-01-13T07:07:55Z
105,Griswold,Bruno,10/14/1999,1882 Rowland Court,Lecherías,,25589.05,2020-01-21T20:47:13Z
106,Nerte,Frostdicke,11/03/1972,7 Roxbury Park,Fundong,,148395.8,2020-05-10T17:26:38Z
107,Merrie,Poplee,4/26/1993,50 Annamark Place,Lagoa Vermelha,95300-000,413025.28,2021-07-15T15:05:11Z
108,Tanhya,Wincott,5/13/1992,99206 Washington Terrace,Jialu,,58086.25,2020-12-25T16:47:45Z
109,Amalea,Vigars,10/23/2001,5046 Schiller Park,Stockholm,111 95,546996.47,2020-05-30T21:29:36Z
110,Westley,Levene,2/26/1971,6622 Lien Drive,Onsala,439 24,843456.06,2021-02-25T13:30:28Z
111,Ferdinanda,Banks,8/18/1987,2847 Holy Cross Crossing,San Francisco,41600,639575.33,2020-11-26T20:39:13Z
112,Colet,Castaignet,8/30/1982,49896 Swallow Park,Fedorovka,,958745.2,2021-03-13T04:36:05Z
113,Laurie,Findlater,05/08/1996,74 Waywood Parkway,Al Matūn,,73734.48,2020-02-27T22:34:12Z
114,Collette,Carff,09/06/1995,77 Portage Circle,Matou,,273187.38,2020-10-07T00:10:19Z
115,Consalve,Pyett,8/23/1975,71286 La Follette Terrace,Lelystad,8229,934813.58,2021-03-22T19:14:28Z
116,Cecile,Bellworthy,6/19/1972,14659 School Point,Chenguang,,63854.43,2020-08-18T17:36:01Z
117,Larina,Bisp,4/20/1993,87 Scofield Road,Fuchun,,462252.08,2021-02-26T02:11:38Z
118,Bogey,Danelut,1/23/1977,67969 Farragut Lane,Puerto Quijarro,,39345.62,2021-09-08T09:28:58Z
119,Madlin,Barling,01/06/1996,02 Rusk Terrace,Emiliano Zapata,96818,89054.73,2021-07-08T13:51:19Z
120,Donnie,Najera,10/29/1971,03571 Leroy Way,Aráchova,,847809.16,2021-02-15T21:21:21Z
121,Killian,Ashbolt,2/24/1987,6847 High Crossing Center,Kungshamn,456 42,168025.75,2021-02-25T06:07:41Z
122,Cinda,Venditto,06/10/1989,7708 Scott Terrace,Täby,183 30,423223.61,2020-01-18T14:37:20Z
123,Dar,Pardon,12/13/1974,1 Esch Crossing,Sadar Bazar,281002,740689.98,2021-11-02T11:13:46Z
124,Kristine,Claus,07/03/1987,66300 Laurel Hill,Xingnong,,347630.36,2020-06-11T01:48:30Z
125,Joyce,Mudd,4/21/1993,9 Debra Court,Ōtawara,329-3155,793094.96,2020-05-18T15:51:37Z
126,Janela,Tankus,07/04/1979,9 Harbort Road,Korem,,504121.04,2021-12-22T17:22:34Z
127,Cy,Brydone,2/15/2000,24 Orin Hill,Jinji,,122314.36,2020-07-07T22:29:47Z
128,Em,McGillacoell,11/21/1998,7 Cascade Hill,Tubod,9209,57338.18,2021-12-03T09:35:15Z
129,Weylin,McKerron,9/16/1978,06008 Corry Pass,Sinegorskiy,347014,292600.05,2021-06-02T08:22:12Z
130,Emalee,Ells,12/14/1999,9 Mallard Court,Tanlin,,273900.91,2020-10-30T22:59:57Z
131,Sunny,Stammers,02/10/1985,50108 Dakota Junction,Trzemeszno,62-240,814784.94,2020-07-24T12:55:00Z
132,Steffane,Rittmeyer,4/15/1981,89708 Meadow Valley Court,Fort Smith,L4S,321349.75,2021-10-16T01:55:26Z
133,Ulla,Gerge,01/01/1982,479 Ridge Oak Court,Simajia,,77624.34,2020-04-23T02:04:35Z
134,Astrix,Cuming,2/21/1997,463 Autumn Leaf Lane,‘Arad,,618125.17,2021-08-09T15:21:24Z
135,Alyson,Packman,12/09/1977,11 Nancy Park,Santa Cristina Couto,4780-166,685437.83,2021-03-19T20:29:25Z
136,Ellissa,Oxx,12/05/1985,28349 Mosinee Crossing,Shaffa,,209266.78,2021-02-15T02:19:32Z
137,Lion,Innman,3/28/1990,78 Eastlawn Crossing,Vanimo,,350731.81,2020-07-31T06:27:42Z
138,Cheri,Goodge,06/12/1982,436 Del Mar Plaza,Lafayette,70593,918825.16,2020-08-16T06:52:04Z
139,Stesha,Shipcott,02/04/1994,3230 Ronald Regan Park,Idanha-a-Nova,6060-104,759031.38,2020-11-14T06:11:19Z
140,Thornie,Edinboro,9/30/2003,5692 Debs Lane,Przasnysz,06-302,474805.06,2021-05-30T04:31:31Z
141,Pavia,Caddie,9/14/1970,9076 8th Point,Hetian,,36521.9,2020-06-19T11:31:42Z
142,Gregorius,Sonschein,7/19/1996,340 Twin Pines Hill,Si Wilai,43210,377398.39,2021-10-21T01:23:12Z
143,Flint,Neate,12/26/1970,8 Montana Point,Longmen,,269469.28,2021-03-10T07:14:20Z
144,Robinetta,Gouly,9/21/1998,116 John Wall Park,Kaliska,83-260,679643.48,2021-06-21T02:56:25Z
145,Larine,Matzl,5/14/1981,8304 Drewry Terrace,Chahannao,,3364.18,2020-07-12T08:00:50Z
146,Claybourne,Beeze,1/13/1990,36 Oakridge Point,Xijiao,,846584.03,2020-04-21T01:08:27Z
147,Humbert,Bartunek,05/07/1983,62 Blue Bill Park Road,Fare,,432813.38,2020-01-17T16:02:16Z
148,Giordano,Huddy,02/09/1997,22 Jay Trail,Concepcion,7213,734426.83,2020-02-12T21:35:34Z
149,Keenan,Figure,12/19/1994,3612 Commercial Plaza,Liang,,610557.05,2020-10-06T05:33:37Z
150,Rory,Dixcee,10/20/1975,81186 Heffernan Avenue,Zargarān,,77427.65,2020-01-13T21:45:38Z
151,Nikolai,Dimitresco,1/30/1983,2 Sachs Way,Mozzozzin Sur,6326,75330.51,2021-10-26T02:43:25Z
152,Teri,Dewar,12/26/1995,82 Jana Place,Jiaoyuan,,475684.13,2021-01-29T21:47:30Z
153,Shaina,Moen,10/16/1972,93619 Mcbride Crossing,Baltimore,21229,974414.14,2021-07-14T03:39:42Z
154,Janeta,Iverson,04/07/1997,9678 Ludington Hill,Wucheng,,523772.1,2021-03-31T04:47:14Z
155,Theressa,McCourt,9/28/1972,2749 Talisman Junction,Rimpakgede,,262669.37,2020-04-19T15:52:40Z
156,Alejandro,Itzkin,2/27/1980,28019 Main Trail,Joliette,J6E,371400.46,2020-05-27T04:02:54Z
157,Gillian,Bleakley,11/12/1984,3534 Nevada Plaza,Ognevka,,518417.25,2021-06-18T03:10:19Z
158,Vicki,Gossipin,5/29/1988,5506 North Alley,Feni,8700,916821.64,2021-04-16T17:25:00Z
159,Sher,Hymas,6/21/1989,29 Sutteridge Road,Orlovka,357311,981209.53,2020-07-04T07:30:04Z
160,Tarrah,Elsbury,4/29/1993,0 Eagan Lane,Tampa,33615,957638.95,2021-01-14T17:05:31Z
161,Ninette,Trulocke,05/07/1981,1 Del Sol Plaza,Isla Pucú,,386201.95,2021-06-03T10:51:39Z
162,Annabela,Hort,3/16/1988,921 Bartillon Way,Ford,GL54,874403.27,2021-09-04T18:03:56Z
163,Elaine,Mcmanaman,12/29/1986,737 Memorial Crossing,Mānānwāla,52201,102667.21,2021-01-24T20:58:41Z
164,Harcourt,Mish,08/04/2005,30182 Monica Way,Candon,2709,386791.81,2020-02-08T02:45:59Z
165,Kate,Landon,3/13/1998,41667 Vermont Plaza,Zuocun,,556939.52,2020-08-31T23:29:23Z
166,Jarrid,Border,1/25/1971,54978 Mayer Drive,Ljungskile,459 91,269575.42,2020-05-10T11:18:06Z
167,Kimmi,Revie,10/27/1972,636 Merchant Plaza,Nishiwaki,679-1212,173724.02,2020-05-12T02:44:05Z
168,Emmie,Rymmer,12/10/1987,56 Fallview Hill,Xinbu,,19014.09,2021-01-30T21:22:33Z
169,Jameson,Furnell,01/06/1983,8 Gulseth Park,Tanzhesi,,437284.27,2020-07-05T23:06:27Z
170,Wolfgang,Feifer,2/15/1979,66 7th Trail,Balfour,2410,220819.77,2020-02-26T00:43:44Z
171,Drucill,Strugnell,11/28/1989,2889 Garrison Place,Tulusmulyo,,517801.98,2020-10-22T04:46:06Z
172,Jeannette,Dawby,8/21/1974,034 Grasskamp Point,Jingyang,,350829.77,2020-08-07T15:02:52Z
173,Regan,Lough,04/03/1996,26707 Blue Bill Park Place,Guamal,473029,787688.49,2021-09-24T05:26:31Z
174,Bruis,Crisell,07/08/1991,95 Hauk Road,Panyingkiran,,455802.75,2021-04-02T22:52:04Z
175,Antonina,Aitken,12/10/2004,859 Mcguire Circle,São Pedro,3090-748,878843.32,2021-05-22T10:44:04Z
176,Iago,Semon,09/11/1999,72 Eggendart Street,Budapest,1074,13074.99,2021-11-05T23:06:05Z
177,Bunnie,Causier,4/27/1991,62 Crescent Oaks Avenue,Zainsk,423524,696488.85,2021-04-01T19:04:17Z
178,Gayle,Kibel,10/30/1974,7735 American Circle,Kitāf,,418861.99,2021-08-14T15:41:14Z
179,Manolo,Panchin,01/01/1975,5385 Maple Street,Białośliwie,89-340,460724.97,2021-03-30T04:49:24Z
180,Finley,Smails,6/22/1995,48203 Knutson Center,Zoetermeer,2720,677896.9,2021-03-26T19:49:24Z
181,Lucias,Inseal,12/13/1997,14824 Laurel Plaza,Alurbulu,,814393.89,2021-09-01T08:47:02Z
182,Matteo,Boldra,11/12/1993,3937 Mccormick Center,Pincher Creek,J0J,353737.2,2020-01-17T16:58:40Z
183,Pren,Wilby,8/14/1979,5 Moland Point,Wuguishan,,220172.62,2020-05-04T03:48:05Z
184,Maxi,Creboe,02/05/1990,95 Gateway Center,Varoška Rijeka,,647493.54,2021-08-23T18:55:06Z
185,Sydel,Palleske,8/17/1974,2 Lerdahl Road,Saihan Tal,,441750.65,2021-01-25T09:02:53Z
186,Maximilien,Oakhill,3/21/2004,8820 Grover Park,Paris 08,75367 CEDEX 08,104875.11,2020-11-23T12:41:13Z
187,Marten,Nend,10/22/1973,05 Londonderry Junction,Sasar,,650527.35,2021-05-18T17:41:12Z
188,Gena,Dreng,02/04/1982,154 Mayfield Drive,Pigeiros,4505-854,274731.58,2020-07-22T07:44:07Z
189,Giulietta,Hynard,03/05/2005,3 Prairieview Junction,Lyon,69406 CEDEX 03,368763.83,2020-03-19T00:57:51Z
190,Anya,Crudgington,3/18/1985,29 Karstens Center,Chon Buri,24120,944775.67,2021-07-04T02:02:34Z
191,Annora,Glover,08/01/1982,17 Huxley Circle,Argostólion,,526795.56,2021-06-29T04:03:22Z
192,Tore,Parnby,6/14/1995,0098 Kings Avenue,Tebara,,839634.02,2021-10-31T14:31:45Z
193,Des,Beevors,10/16/2005,9 Old Gate Pass,Sedayu,,133809.42,2021-08-22T15:28:34Z
194,Emlyn,Tarquinio,10/19/1999,070 Union Park,Loshnitsa,,22827.83,2021-07-29T12:32:39Z
195,Evan,Glancey,6/19/1974,66 Lillian Park,Piggotts,,776856.28,2020-05-15T02:11:05Z
196,Lennie,Lukins,9/21/1970,421 Steensland Street,Barqueiro,2430-604,335352.56,2021-02-09T22:56:36Z
197,Brose,Gavaghan,8/24/2003,66 Michigan Street,Villa Lugano,5439,717114.06,2020-10-24T11:25:55Z
198,Agnesse,Mehew,08/01/1984,5 Anzinger Hill,Esfarāyen,,451829,2021-04-30T00:50:23Z
199,Jarrod,Lamboll,9/26/1985,2 Maple Parkway,Berlin,13409,308212.4,2021-05-25T15:53:59Z
200,Rafaelia,Jenkinson,01/06/1987,3965 Luster Place,Kirovgrad,624144,930824.73,2021-01-21T00:03:27Z
201,Evania,Cufflin,05/01/1984,780 Tennessee Pass,Žandov,403 39,471153.68,2020-10-21T03:05:49Z
202,Gwendolyn,Alvin,6/29/2005,42 Petterle Point,Semarapura,,757150.57,2020-01-24T01:04:38Z
203,Etty,Calderonello,2/25/1981,59 Anhalt Lane,Aveleda,4705-029,114268.67,2021-01-14T05:45:51Z
204,Corbin,Bambrough,1/28/2002,186 Utah Center,Saint-Paul,97435,960407.8,2020-12-17T03:05:12Z
205,Ennis,Breakey,11/27/1990,8066 Prairie Rose Street,Inozemtsevo,357433,407013.24,2021-08-22T11:00:52Z
206,Perkin,Cricket,11/27/1997,88 Northport Hill,Mozelos,4535-160,209017.75,2020-11-11T17:25:46Z
207,Sofie,Goater,1/21/1996,823 Brickson Park Crossing,El Paso,79945,570689.65,2020-08-23T20:59:16Z
208,Bekki,Shorton,9/18/1992,90271 Morning Court,Turgenevo,431890,620954.94,2020-01-15T20:18:29Z
209,Florian,Jopke,5/28/1971,56 Westport Road,Caledon,7250,361779.33,2020-03-19T03:02:36Z
210,Mandel,Stivani,04/03/1977,1 Dayton Park,Bangilan,,153863.07,2020-07-09T17:52:37Z
211,Jody,Antczak,10/31/1974,04 Thierer Circle,Lokosovo,368814,21301.39,2020-09-20T07:19:06Z
212,Pauly,Ferrarotti,3/23/1991,98 Hallows Place,Huaqiao,,900120.3,2020-07-03T20:51:07Z
213,Henka,Duff,9/26/2005,6 Luster Pass,Perrelos,6017,465305.85,2020-07-15T18:01:12Z
214,Lauraine,Duckitt,9/17/1991,60357 Badeau Terrace,Wuma,,49085.57,2020-09-17T21:40:52Z
215,Jerrine,Musprat,9/30/1982,91 Gulseth Circle,Krasnaye,,779456.04,2021-07-05T23:41:38Z
216,Tansy,Truder,11/04/2005,0 Alpine Drive,Ea T’ling,,84234.12,2021-12-21T23:11:35Z
217,Myrlene,Enders,10/13/1970,2489 Dahle Alley,Semanding,,948964.61,2020-08-31T01:33:16Z
218,Concordia,Sweetland,08/09/1978,193 Pepper Wood Lane,Alençon,61004 CEDEX,536598.24,2021-11-20T09:05:23Z
219,Ravid,Tarte,6/28/1972,4368 Quincy Hill,Mbomba,,316408.23,2020-09-02T00:37:43Z
220,Kare,Lowndsborough,04/04/1998,55 Wayridge Circle,Nunutba,,13687.86,2020-03-01T23:52:17Z
221,Camilla,Fieldsend,9/29/1986,95029 Elgar Hill,Vabalninkas,41033,284401.72,2021-03-18T15:14:46Z
222,Fulvia,McNess,02/10/1997,4 4th Trail,Saraburi,18190,457849.57,2020-11-14T06:23:47Z
223,Ely,Clemow,11/29/2000,3504 Claremont Place,Bantilan,,837044.02,2021-01-24T03:15:19Z
224,Brook,Dougherty,5/21/1982,2 Shoshone Place,Posse,73900-000,52582.4,2020-01-30T12:55:02Z
225,Dionysus,M'cowis,3/16/1977,8683 Crownhardt Hill,Penengahan,,477516.6,2021-02-28T20:11:31Z
226,Merv,Scorah,5/19/1980,8 Farragut Road,Ritaebang,,70134.45,2020-08-08T16:33:07Z
227,Fianna,Jindacek,12/06/1976,91000 Maywood Street,Colombes,92715 CEDEX,753538.5,2020-11-17T08:14:09Z
228,Bertram,Semon,4/23/1978,14671 Loomis Pass,Pignon,,90289.13,2020-03-12T23:08:20Z
229,Marilin,Mullaly,2/29/1976,74607 Lerdahl Park,Chalaco,,282240,2020-05-30T10:14:48Z
230,Neda,Ashfield,05/05/1972,67 Cascade Drive,Delray Beach,33448,629729.52,2020-07-22T05:37:56Z
231,Waylin,Verrico,10/26/2000,9052 Stone Corner Parkway,Primorsko,8290,81324.91,2021-07-03T19:38:27Z
232,Oby,Buddell,11/10/1979,5115 Chinook Trail,Donggu,,162488.92,2020-12-10T16:07:59Z
233,Gradey,Pavlishchev,01/09/2002,240 John Wall Junction,Fort Smith,72905,857309.23,2020-05-22T17:36:14Z
234,Sharlene,Bereford,1/26/2004,0663 John Wall Park,Chaves,5400-006,402908.08,2020-09-28T09:19:46Z
235,Cathie,Dalziell,6/15/1997,102 Northport Junction,Zhiqu,,543423.28,2021-05-01T15:47:17Z
236,Maighdiln,Poyser,02/05/1980,19 Duke Alley,Yanghuxiang,,17458.65,2020-03-31T09:57:03Z
237,Gertruda,Burkitt,3/25/1973,4 Gina Court,Senhor do Bonfim,48970-000,745435.85,2021-10-07T06:04:31Z
238,Cybil,Legh,12/21/1972,78595 Crescent Oaks Pass,Septfontaines,L-8396,584239.45,2020-04-23T06:07:42Z
239,Jeniece,Larver,10/17/1980,8 Anhalt Point,Mar del Plata,7600,637515.01,2021-02-27T00:35:38Z
240,Colet,Wickerson,02/06/1984,6 Hermina Point,Radashkovichy,,589754.39,2021-08-11T17:27:55Z
241,Jerrie,Sheerman,11/16/1977,16 Cardinal Way,Gugut,,769675.54,2021-06-27T16:36:12Z
242,Reuben,Spadotto,7/17/2000,56 Trailsway Park,Patao,6052,747823.9,2021-05-08T00:44:43Z
243,Tiffie,Gamlyn,06/03/1999,4415 Chinook Point,Jinsha,,504170.69,2021-09-03T21:35:04Z
244,Idalia,Danett,7/15/1971,0 Northridge Junction,San Manuel,2438,614434.67,2021-09-26T17:40:01Z
245,Burke,Simonato,08/07/1970,7 Iowa Park,Les Cèdres,J6S,347492.97,2020-10-26T21:42:28Z
246,Pavlov,MacDiarmid,12/24/2002,14 7th Junction,Riosucio,178057,730949.95,2021-10-04T07:42:20Z
247,Cirillo,Portal,9/27/1995,5242 Village Green Street,Caeté,34800-000,398831.79,2021-06-30T02:18:58Z
248,Abigale,Pibworth,5/31/1976,3 Hayes Place,Sabang,4323,238652.32,2021-12-20T07:10:23Z
249,Iona,Garmston,11/07/1992,26 Stuart Center,Issad,187453,418924.34,2021-06-10T21:33:51Z
250,Khalil,Jacop,8/23/2000,467 Eastlawn Lane,Watangan,,453652.44,2021-01-30T07:27:42Z
251,Nevins,Avraham,06/02/1988,6 Derek Lane,Jiuxian,,502033.99,2020-05-29T05:00:17Z
252,Demetria,Gossipin,10/31/2002,74886 Forest Avenue,Digkilaan,9025,769280.4,2020-04-07T14:23:35Z
253,Leroi,Doveston,12/26/1974,0 Loomis Point,Karanganyar,,778342.06,2021-12-02T22:31:16Z
254,Bondon,Wiffen,6/28/1978,232 Knutson Alley,Funtua,,473005.54,2020-04-16T22:46:16Z
255,Shirline,Kerbey,3/23/1971,0847 Thackeray Crossing,Roblin,R7N,443321.7,2020-01-12T14:20:06Z
256,Justina,Joyce,05/04/1973,20 Oriole Street,Paris 15,75729 CEDEX 15,223600.27,2020-05-11T20:26:56Z
257,Benson,Hayer,07/10/1974,30 Victoria Avenue,Novorozhdestvenskaya,186445,698555.65,2020-10-16T05:13:12Z
258,Trixy,Treker,06/09/1974,7 Bartelt Junction,Krasnoarmeysk,141292,197381.79,2021-12-24T14:23:05Z
259,Catlaina,Ivimy,02/08/1982,420 Dunning Trail,Bulasa,802,318822.12,2021-09-09T12:04:57Z
260,Brad,Rops,04/10/1982,1605 Ruskin Terrace,Abashiri,336-0926,577006.93,2020-06-03T04:39:49Z
261,Merill,Bellee,03/01/1981,19 Anzinger Road,Saint-Denis,93209 CEDEX,864791.94,2021-08-03T17:40:56Z
262,Levin,Feeney,1/17/1979,736 John Wall Park,Monkey Hill,,761527.09,2020-03-06T18:25:16Z
263,Bellina,Iorizzo,10/20/1986,362 Weeping Birch Pass,Oinoússes,,200476.06,2020-08-16T10:45:17Z
264,Morganica,Jamot,05/07/2005,52 Raven Pass,Stěbořice,747 51,972250.34,2021-08-26T13:09:17Z
265,Ashley,Giovanardi,10/11/2004,32 Dovetail Center,Niitsu-honchō,959-1855,68563.78,2021-09-09T16:23:32Z
266,Gradeigh,McGowing,10/25/1977,4647 Montana Alley,Jirkov,468 22,486461.27,2020-12-31T17:08:45Z
267,Kellyann,Rosario,6/15/1980,11 Loftsgordon Center,Nova Kakhovka,,778962.69,2020-05-24T10:18:11Z
268,Whitaker,Van der Kruis,12/24/1987,937 Fallview Alley,Masku,21251,165687.72,2020-03-07T20:54:37Z
269,Tom,Clendennen,10/02/2001,99 Ridge Oak Junction,Taavetti,54501,113557.89,2020-04-02T06:46:10Z
270,Allard,Allcoat,10/06/1993,09 Ilene Hill,Shimen,,694568.37,2020-01-15T08:28:20Z
271,Brina,Betts,9/19/1972,02704 Harper Pass,Baiyinnuole,,847221.06,2021-01-16T19:12:38Z
272,Raimund,Winsborrow,2/20/1997,1 Macpherson Circle,Gondar,,994900.23,2021-06-08T01:13:29Z
273,Isidore,Maciaszczyk,02/11/1978,28 7th Road,Motala,591 99,254959.76,2020-08-03T10:26:47Z
274,Anthiathia,Kleynermans,02/04/1970,3 Maple Wood Alley,West Jerusalem,,247515.53,2020-11-27T01:10:27Z
275,Raul,Giovannacc@i,10/31/1999,576 Dovetail Terrace,Ban Phue,96130,783994.11,2020-02-18T13:45:02Z
276,Marleen,Gresswell,10/16/1995,5939 Hoard Point,Jatirejo,,709140.16,2020-11-29T20:33:04Z
277,Ransom,Semrad,4/28/1985,9 Holy Cross Parkway,Taraan,,216299.28,2021-11-03T03:18:30Z
278,Rolf,Bigadike,08/08/1982,3324 Darwin Alley,Trà Vinh,,379685.97,2021-06-11T13:15:22Z
279,Gilly,Richold,06/12/1971,7316 Porter Place,Shangmofang,,759745.19,2021-01-26T04:23:20Z
280,Tedda,Belchamp,09/08/1974,6984 Hooker Way,Vishnyakovskiye Dachi,142461,251947.92,2020-10-29T11:58:35Z
281,Anestassia,Gronno,11/11/2001,2 Chive Street,Gayabaru,,100593.62,2020-06-20T03:12:32Z
282,Carin,Fitzharris,8/17/1988,71992 David Avenue,Stakhanov,,880231.46,2020-07-03T19:48:28Z
283,Ramona,O'Beirne,07/08/2004,4 3rd Junction,Rossosh’,652672,921824.89,2020-05-14T03:35:35Z
284,Adeline,Kohnen,03/06/1984,26 Susan Street,Grabów,99-150,150919.87,2021-01-10T05:14:49Z
285,Claretta,Zanicchelli,05/11/1981,3 Mallory Terrace,Dzel,,640530.37,2020-10-01T06:00:16Z
286,Ciro,Hanscom,05/04/1981,82 Mifflin Circle,Radès,,372040.05,2020-07-28T21:16:07Z
287,Wade,Struis,11/09/1987,78 Loeprich Junction,Basarabeasca,MD-6425,217576.6,2020-12-27T13:32:24Z
288,Dominga,Land,10/21/1985,9 Hintze Drive,Mosjøen,8657,350552.52,2021-09-20T09:14:29Z
289,Arda,McCullouch,3/26/1981,312 Northridge Pass,Fougamou,,565591.02,2021-12-02T20:55:12Z
290,Woodman,Lergan,8/29/1982,376 Kings Alley,Stírion,,897431.45,2020-10-08T00:50:22Z
291,Terrance,Whitsey,05/12/1998,3 Autumn Leaf Point,Svetlograd,356537,896759.46,2021-03-19T10:03:32Z
292,Cathee,Colrein,08/09/1975,4922 Holy Cross Parkway,Ganyi,,7101.11,2020-02-15T02:39:42Z
293,Jefferey,Dwire,11/15/1970,511 Garrison Center,Ljusdal,827 82,856046.59,2021-04-16T06:14:05Z
294,Lou,Soar,5/26/1980,85 Arrowood Drive,Vitoria-Gasteiz,1010,672378.67,2021-08-27T16:39:14Z
295,Hort,Godrich,5/13/1970,85 Montana Alley,Fryanovo,141146,276909.64,2021-07-30T11:26:25Z
296,Dahlia,Ingraham,01/09/1990,4 Spohn Point,Legok,,424026.78,2020-05-05T00:56:38Z
297,Leroy,Ingley,5/14/1992,199 Maple Wood Road,Miami,33158,86298.07,2020-04-12T04:44:23Z
298,Ayn,Andrzej,2/16/1971,8 Wayridge Trail,Staropyshminsk,623718,37476.18,2021-08-29T07:11:06Z
299,Elizabet,MacCracken,3/19/2005,89 Rieder Plaza,Mernek,,577849.3,2021-05-23T22:28:27Z
300,Gail,Sextone,1/16/1973,48 Fallview Circle,Muhur,,604711.47,2021-03-10T16:08:47Z
301,Ysabel,Seedhouse,08/03/1978,59 Sommers Street,Damatou,,48353.1,2020-11-15T07:44:26Z
302,Forster,Langelay,10/16/1972,8818 Summer Ridge Way,Saint-Quentin,02323 CEDEX,301554.95,2021-04-12T23:18:50Z
303,Bartie,Sackur,03/08/1976,819 Florence Circle,Seremban,71770,42200.68,2020-12-14T07:42:23Z
304,Aileen,Hellings,03/03/1970,7433 Sachs Avenue,Lumby,P7L,349168.29,2021-09-15T16:06:36Z
305,Fanni,Orniz,1/16/1982,1458 Service Junction,Aytos,8521,285643.55,2020-08-30T14:32:24Z
306,Maurits,Feeham,05/12/2003,509 Farmco Junction,Pacaembu,17860-000,160259.32,2021-08-27T01:44:40Z
307,Nonnah,Howis,06/10/2001,642 Bonner Point,Bedinje,1322,638460.18,2020-07-20T11:28:13Z
308,Vicky,Hellings,12/17/1975,0487 Algoma Center,Khulo,,79377.38,2021-01-15T02:17:53Z
309,Shay,Thorogood,11/18/1999,6 Barnett Junction,Prokhladnyy,366041,625611.75,2021-04-11T12:54:24Z
310,Lorilyn,Haill,03/12/2003,99849 Jana Crossing,Lebak Timur,,241718.73,2020-03-08T10:47:22Z
311,Laurella,Stott,02/05/1984,8 Straubel Road,Santo Domingo,4508,945752.25,2020-03-26T01:18:47Z
312,Tabatha,Safhill,7/14/1985,69014 Meadow Valley Way,Shreveport,71115,980055.89,2020-04-03T17:04:26Z
313,Haskell,Collie,11/23/1990,7 Darwin Crossing,Jāti,73061,523099.2,2020-02-23T03:57:23Z
314,Willdon,Pennycuick,03/07/1994,3714 Hoffman Hill,Sallanches,74704 CEDEX,937459.22,2021-11-29T14:12:53Z
315,Kristoforo,Maidens,10/07/1994,042 Sloan Place,Andkhōy,,887685.95,2020-06-21T20:59:14Z
316,Delcine,Tutill,07/02/1970,378 Hoffman Drive,Huadi,,286084.31,2020-10-04T18:43:02Z
317,Margarete,Peppett,10/07/2001,4021 Hanover Pass,Jinpanling,,250273.93,2021-10-14T01:35:15Z
318,Gus,Colleymore,12/12/1989,654 Cardinal Parkway,Linquan,,561778.08,2020-08-19T06:15:10Z
319,Sauncho,Dechelle,10/27/1980,809 Upham Trail,Musalerr,,846512.3,2021-12-25T18:01:51Z
320,Jakie,Tregidgo,5/30/1996,2 Johnson Pass,Shypyntsi,,634389.9,2020-09-29T06:05:20Z
321,Reynolds,Gobell,5/22/1978,2 Crowley Terrace,Tierra y Libertad,32628,996204.47,2021-09-16T13:41:36Z
322,Ryan,Bonick,9/21/1983,932 1st Alley,Maoping,,692300.16,2021-03-14T16:56:37Z
323,Quillan,Kilminster,04/04/1970,9231 Nancy Road,Nerópolis,75460-000,310036.59,2021-05-08T07:53:14Z
324,Bob,Lampke,10/03/1980,23457 Anthes Alley,Panggungrejo,,567406.66,2021-08-27T02:04:38Z
325,Tristan,Maughan,4/19/2002,930 Barby Circle,Brok,07-306,98824.04,2020-04-21T05:06:53Z
326,Damon,MacConnal,04/12/1978,1 4th Plaza,Trŭn,2477,23699.53,2021-04-08T10:29:21Z
327,Norman,Quixley,2/20/1999,6 Manufacturers Park,Hannover,30167,880040.06,2020-06-01T12:57:54Z
328,Starlin,Broseke,11/20/1990,7 Westerfield Center,Konobeyevo,140225,637051.85,2020-07-15T12:50:22Z
329,Jaclin,Stefanovic,9/15/1982,57479 Weeping Birch Trail,Karlskrona,371 79,157566.48,2021-01-29T14:23:13Z
330,Standford,Kits,3/23/1970,068 Ilene Center,Anticala,6010,669235.46,2020-02-08T09:51:38Z
331,Eleonora,Orred,12/07/1980,151 Cordelia Road,Ciudian,,223325.9,2021-01-18T23:43:25Z
332,Ermin,Bouldon,06/06/1989,55 Carberry Plaza,Batgrām,21041,291818.12,2021-11-29T06:07:20Z
333,Jazmin,Glasspoole,11/05/1971,365 Hayes Parkway,Weda,,730371.1,2020-12-27T03:17:32Z
334,Margaretha,Estabrook,03/07/1991,3 Tomscot Road,Espinho,3220-077,236398.07,2021-11-20T10:58:26Z
335,Enrique,Spellard,10/04/1985,179 Evergreen Avenue,San Antonio Oeste,8520,652816.31,2020-05-09T16:36:01Z
336,Scottie,Rubert,9/26/1976,5613 Old Gate Place,Rennes,35076 CEDEX 9,785483.27,2020-11-22T12:16:41Z
337,North,Olyonov,3/16/1973,9550 Lakewood Circle,Lagny-sur-Marne,77404 CEDEX,817444.14,2020-04-25T17:06:45Z
338,Bret,Seakes,11/11/2000,29 Steensland Place,Ampelgading,,878780.01,2020-06-24T01:23:29Z
339,Roxy,Plom,4/19/1970,8015 High Crossing Court,Jasper Park Lodge,H3R,290814.13,2020-09-19T23:59:59Z
340,Juli,Thirlwell,1/29/1978,26173 Bayside Park,Manzherok,649113,273235.43,2021-09-30T17:46:05Z
341,Ulises,Bysh,9/22/2005,43768 Emmet Terrace,Banjing,,773007.42,2020-03-09T21:00:14Z
342,Lori,Ramsbotham,07/02/2003,5 South Plaza,Saint-Denis,97404 CEDEX,360292.2,2020-04-20T19:30:09Z
343,Sileas,Backes,7/20/1975,9285 6th Terrace,Nezamyslice,798 26,383579.83,2020-06-27T12:39:17Z
344,Torry,Donati,7/14/1993,67455 Ruskin Parkway,Darnah,,838382.67,2020-02-28T04:14:37Z
345,Arliene,Brannigan,04/08/1989,46 Clyde Gallagher Place,Puerto Francisco de Orellana,,745047.94,2020-11-08T11:23:32Z
346,Saunder,Lea,3/21/2004,31680 Union Junction,Sumanding,,468875.09,2021-01-01T09:12:05Z
347,Conroy,Noraway,01/04/2003,0 Duke Circle,Bweyogerere,,147906.4,2021-07-06T16:41:53Z
348,Berty,Kenvin,5/24/2000,6 Orin Street,Palana,688000,565706.82,2020-05-27T13:24:44Z
349,Ashlen,Balaizot,3/30/1972,7 Melrose Pass,Thị Trấn Mù Cang Chải,,961716.27,2021-08-26T22:37:59Z
350,Efrem,Heigold,7/24/1976,911 Lerdahl Place,Warungsugan,,904333.22,2021-03-26T15:47:09Z
351,Carie,Mullane,3/14/1985,0 New Castle Road,Odivelas,7900-374,411184.56,2020-04-11T11:58:15Z
352,Marabel,Louth,10/30/1979,04 Little Fleur Circle,Chakaray,,750899.22,2021-11-28T03:45:22Z
353,Merna,Noah,09/08/1973,59473 Prentice Circle,Shanghu,,785965.16,2021-09-04T00:48:27Z
354,Jeromy,Schofield,02/09/1974,2 Ridgeway Plaza,Chang’an,,710518.25,2021-04-11T01:59:10Z
355,Aloysia,Attoc,08/04/1975,65107 Aberg Place,Infanta,4336,509502.23,2020-07-29T05:18:11Z
356,Ruthann,Felgat,06/06/1981,841 Comanche Court,Gouveia,6290-311,220520.44,2020-03-16T08:12:14Z
357,Adore,Karchewski,12/19/1973,5 Macpherson Center,Shimorskoye,607036,603135.77,2021-12-02T23:42:31Z
358,Yetty,Esterbrook,02/04/1996,3 7th Terrace,Rokiškis,42001,231102.55,2021-04-15T11:33:21Z
359,Carry,Ellam,10/20/1978,31304 Bluejay Point,‘Anat al Qadīmah,,106295.68,2020-10-01T00:54:51Z
360,Roanne,Ofield,1/31/2001,56 Rusk Pass,Serra Negra,13930-000,713496.24,2020-01-03T23:31:04Z
361,Fields,Di Antonio,6/29/1979,1694 2nd Park,Koíla,,772895.92,2020-02-25T16:50:34Z
362,Burlie,Aburrow,12/30/1976,7759 Oakridge Way,Lanci Satu,,561973.48,2021-08-04T17:00:15Z
363,Anastassia,Palphramand,4/15/1993,0747 Dayton Alley,Brisbane,9010,888214.67,2021-07-29T06:32:43Z
364,Allin,Ashlin,11/24/1990,08 Heffernan Junction,Timbiras,65420-000,849387.4,2020-01-01T12:53:59Z
365,Gerhardt,Findlay,10/01/1976,1073 Sutteridge Way,Azul,7300,544441.01,2021-07-21T07:01:02Z
366,Lory,McCaughey,9/30/1973,3 Manley Pass,Vyatskiye Polyany,622937,685938.27,2020-01-05T10:28:33Z
367,Svend,Pennycook,5/28/1971,9588 Brentwood Hill,Nam Khun,34260,455523.48,2021-04-26T11:53:38Z
368,Judye,Berkeley,01/07/1983,6837 Dayton Park,Zebrzydowice,43-410,704564.89,2021-04-11T07:27:19Z
369,Diarmid,Tiron,05/04/1975,7741 South Alley,Wissembourg,67165 CEDEX,501946.37,2021-01-09T14:55:43Z
370,Jonah,Holligan,7/20/1981,073 Paget Court,Jiuxian,,543472.79,2021-05-22T15:45:02Z
371,Hanan,Speeding,12/16/1981,06 Forest Alley,Cangkeuteuk Sabrang,,25075.89,2021-03-06T15:16:22Z
372,Tonia,Groarty,10/19/1981,100 Heffernan Street,Vigo,36210,569350.31,2021-02-03T14:52:28Z
373,Gigi,Amott,01/10/2005,43 Pond Place,Yaroslavskaya,352857,627081.71,2020-09-29T17:18:32Z
374,Timofei,Skilton,03/11/1993,14 Killdeer Street,Independencia,26830,585361.81,2021-05-18T04:41:32Z
375,Stormy,Errol,1/18/2002,006 Springs Lane,Roissy Charles-de-Gaulle,95974 CEDEX 2,124136.86,2021-04-29T14:11:59Z
376,Tobi,Breitling,6/17/1982,72732 Packers Park,Butel,1040,297884.91,2021-12-30T17:33:03Z
377,Millard,Rottger,9/23/2001,2188 Melody Avenue,Huanglian,,99779.89,2021-03-13T21:34:09Z
378,Reginauld,Beynkn,7/24/1989,82569 Cottonwood Road,Shuishaping,,600799.78,2020-03-27T00:56:42Z
379,Cati,Renton,06/11/1985,7 Transport Pass,Al Matūn,,603930.84,2021-02-19T03:07:07Z
380,Port,Gitting,11/30/1989,1 Shelley Park,Matsushima,981-0213,643190.97,2021-05-05T05:27:04Z
381,Joan,Wickendon,01/03/1972,7948 Iowa Terrace,Pechenizhyn,,164494.24,2021-04-29T18:59:47Z
382,Sharla,Cotelard,1/20/1977,55578 Redwing Road,Andros Town,,839011.44,2020-10-16T08:22:24Z
383,Ricki,Copeman,05/06/1990,957 Heffernan Drive,Dosso,,292386.95,2021-11-28T02:12:49Z
384,Charlotte,Keuning,5/27/1986,4516 Lakewood Court,Klášterec nad Ohří,431 51,767819.91,2020-07-03T21:09:30Z
385,Oralia,Lemasney,2/26/2000,60545 Express Junction,Ngromo,,854059.37,2021-11-13T09:21:15Z
386,Vivianne,Coverley,5/31/1999,99 Transport Street,Áyios Nikólaos,,630214.38,2021-04-04T00:17:30Z
387,Culley,Burree,11/09/1999,644 Hoffman Trail,Yanjiang,,133129.18,2021-05-05T10:42:07Z
388,Bunni,Jerzyk,5/27/1974,9854 Brickson Park Circle,Maomiaoji,,896384.74,2020-08-16T09:57:43Z
389,Verile,Goodhall,5/15/1996,60990 Claremont Circle,Chhāgalnāiya,3913,350174.42,2020-01-02T21:15:19Z
390,Herschel,Calken,07/07/1977,09730 Elmside Pass,Montego Bay,,89289.47,2020-06-13T21:15:15Z
391,Catarina,Wraxall,09/06/1970,2310 High Crossing Avenue,Pamoyanan,,18452.8,2020-03-24T12:24:23Z
392,Rube,Whatson,9/25/1978,8 Kings Lane,Mama,666811,210227.72,2020-11-10T11:44:57Z
393,Lurlene,Coppard,12/10/1972,152 Mcguire Trail,Rijswijk,2284,704962.24,2020-07-08T22:46:55Z
394,Nelie,Crank,5/27/1972,7657 Fairview Trail,Starcevica,,828576.18,2020-01-24T00:13:19Z
395,Valeda,Lackner,08/12/2005,6 Beilfuss Point,Shiree,,326383.02,2020-09-23T16:17:13Z
396,Tomi,Wardall,6/27/1986,66 Clarendon Junction,Dijon,21072 CEDEX,500935.3,2021-06-23T17:29:21Z
397,Katrinka,Dyers,1/30/1980,868 Maple Wood Center,Pasir,,894685.07,2021-09-07T17:08:41Z
398,Kerk,Saphin,7/22/1974,5059 Twin Pines Way,Tojal,4620-931,803872.1,2021-06-04T12:03:42Z
399,Wandie,Eckford,12/02/1991,9839 Corry Trail,Itápolis,14900-000,460000.99,2021-11-12T03:25:23Z
400,Karoly,Glaisner,9/26/1986,20 Rieder Lane,Mokotów,05-090,531829.24,2021-07-16T20:07:42Z
401,Alis,Boteman,12/16/2004,05 Brown Road,Hengshan,,382450.9,2020-10-10T21:47:48Z
402,Lib,Armitt,8/16/2005,7462 Hanover Park,Iranduba,69405-000,40920.72,2021-08-27T16:22:14Z
403,Netty,Blaver,4/30/2004,6 Rowland Point,Dulolong,,68961.23,2020-09-22T05:10:03Z
404,Brigida,McGonigal,7/19/1997,33008 Knutson Junction,Ilebo,,15025.06,2020-03-19T12:02:04Z
405,Emile,Hullyer,1/19/1999,26 Goodland Point,Pondokdalem,,767560.24,2020-12-31T02:35:27Z
406,Minda,Kopecka,05/05/1981,2 Marquette Court,Orange Walk,,355261.17,2021-07-28T09:20:14Z
407,Edmon,Borth,6/16/2005,74027 Cambridge Crossing,Shimokizukuri,802-0015,536601.97,2020-10-23T16:09:20Z
408,Barty,Gyorffy,06/02/2001,817 Ludington Circle,Sancha,,13514.01,2021-08-06T11:25:08Z
409,Jeannine,Goding,2/15/1978,5 Anderson Point,Tanjungrejo Lor,,209246.97,2021-03-11T07:42:01Z
410,Valida,Terron,06/09/1988,6655 Stuart Hill,Songbai,,102520.53,2020-02-19T15:11:17Z
411,Madge,Aughtie,06/07/1975,4 Myrtle Street,Zverevo,347890,457964.6,2021-12-17T16:49:55Z
412,Howie,Tousy,4/16/1997,21739 Brentwood Drive,Křižanov,789 01,911108.57,2020-04-01T01:23:03Z
413,Suki,Zannutti,01/07/2005,21 Annamark Avenue,Kushikino,899-2433,816738.93,2021-02-03T19:03:13Z
414,Roberto,Raiston,07/02/2001,0 Claremont Point,Aldeia,4600-757,14929.17,2021-09-08T22:26:25Z
415,Etta,Mapp,01/12/1984,65252 Fordem Parkway,Roblin,R7N,211192.99,2020-10-08T18:50:38Z
416,Griff,Baribal,08/04/1982,88 Memorial Drive,Perdões,37260-000,356838.65,2020-10-27T09:24:37Z
417,Sadye,Bottomer,8/17/1972,504 Rieder Place,Bungo-Takada-shi,879-0617,778823.55,2021-06-17T13:58:34Z
418,Gabrila,Osgerby,3/14/1991,9307 Meadow Valley Plaza,Banjarsari,,614907.43,2020-09-24T15:23:41Z
419,Farlee,Quennell,12/18/1991,7645 Mandrake Pass,Fenais da Ajuda,9625-025,700050.66,2021-01-25T03:48:32Z
420,Lindsay,Yitzhakov,01/05/2004,8633 Northridge Court,Boneng,,321674.24,2021-05-06T18:36:07Z
421,Tim,Lampkin,03/11/1986,65423 Corscot Avenue,Vũ Thư,,91991.93,2021-09-18T10:54:20Z
422,Libby,Coyne,04/04/1971,85280 Colorado Drive,Zhuli,,197126.08,2020-05-15T17:59:33Z
423,May,Boskell,7/25/1997,7810 Swallow Court,Marabahan,,968265.34,2021-01-14T21:52:01Z
424,Yevette,Simons,3/18/1982,8761 Arrowood Point,Kisasa,,208627.64,2020-02-07T14:29:14Z
425,Son,Tweddle,9/20/1983,680 Autumn Leaf Crossing,El Fureidīs,,176734.12,2020-08-09T01:27:16Z
426,Anderea,Guthrie,1/28/1996,99381 Packers Way,Sanjiang,,173819.92,2021-10-17T02:08:01Z
427,Bertrando,McKenny,5/23/1978,95 Pierstorff Court,Marina,21222,531491.63,2020-08-16T23:06:15Z
428,Filmer,Pasterfield,12/11/1983,3 Starling Place,Gaoyao,,505449.84,2021-07-14T18:15:50Z
429,Lotte,Goody,10/26/2001,99522 Oxford Center,Mora,,297435.85,2020-12-06T16:48:36Z
430,Eloise,Tranckle,9/13/2001,4 Barnett Street,Bulag,,570841.97,2021-04-19T23:03:15Z
431,Marmaduke,Buckley,12/02/1983,6 Carey Alley,Kuala Baru,,363630.85,2020-09-14T22:18:38Z
432,Florry,Quaif,9/24/2000,111 Eastlawn Way,Tombu,,251074.83,2020-10-05T10:25:04Z
433,Bay,Aslet,7/26/1974,5932 Prairieview Pass,Jaguaribe,63475-000,227805.27,2020-09-27T23:08:23Z
434,Sheffield,Littley,04/02/1991,5 Melvin Trail,Riang Tengah,,932340.1,2021-11-17T19:36:44Z
435,Bella,McCloy,1/16/1988,29 Pine View Park,Pakel,,232042.37,2021-07-07T22:35:12Z
436,Galvan,Abramovitz,1/13/1998,30601 Thompson Lane,Nizhniy Kurkuzhin,361515,830333.33,2020-04-10T02:49:46Z
437,Camey,Alltimes,6/28/1977,04 Sugar Plaza,Szolnok,5009,669930.99,2021-10-24T15:47:22Z
438,Ferguson,Gritland,08/10/1981,964 Warner Road,Monywa,,596824.11,2020-05-28T12:09:31Z
439,Lynnett,Petofi,4/19/1980,66919 Meadow Vale Park,Chikushino-shi,818-0138,114676.31,2021-04-10T13:03:50Z
440,Dalis,Gable,7/18/1997,1603 Clemons Hill,Oliveira,4750-584,483054.17,2021-06-14T19:51:06Z
441,Chandal,Suthworth,10/12/1976,34786 Eastwood Place,Niort,79042 CEDEX 9,310551.53,2021-10-12T22:44:16Z
442,Zilvia,Stanworth,12/24/1980,9 Village Green Way,Leon Postigo,6305,494916.43,2020-01-05T13:52:59Z
443,Beck,Jansik,9/13/1987,35189 Iowa Pass,Hufang,,623720.62,2021-04-15T01:35:41Z
444,Erik,Yitzhakof,04/03/1972,73455 Carey Parkway,Qiligang,,59307.06,2020-12-07T08:01:13Z
445,Timmie,Jiran,5/29/2002,28 Briar Crest Crossing,Novotroitsk,649792,951134.04,2020-04-16T14:59:29Z
446,Neville,Bertolaccini,3/25/1976,890 Darwin Junction,Bambang,3702,36615.57,2020-12-02T17:56:15Z
447,Misti,Norewood,04/11/2001,5 Ruskin Way,Kangxung,,368771.33,2021-06-10T11:53:49Z
448,Joceline,Ling,06/10/1998,827 Loeprich Drive,Amolatar,,237458.69,2021-12-01T17:42:15Z
449,Hyacinth,Sircomb,7/31/1993,09418 Shasta Way,Budapest,1024,399216.36,2020-01-07T19:18:19Z
450,Wilma,Giffaut,10/11/1985,4179 Mosinee Hill,Talnakh,663330,944921.6,2020-09-01T02:16:58Z
451,Lucienne,Brownill,5/31/1988,0267 Melby Way,Dadaha,,113167.12,2020-10-06T23:07:23Z
452,Katee,Atlay,12/06/1978,1901 Darwin Road,Cabanbanan,4010,668517.61,2020-11-18T06:19:49Z
453,Brittaney,Faier,6/30/1985,5 Rigney Circle,Krásná Lípa,430 01,628444.27,2020-08-06T23:59:06Z
454,Albertine,Semrad,07/02/1971,788 Fuller Avenue,Kristinehamn,681 22,630624.95,2021-12-14T10:07:49Z
455,Eba,Beckmann,5/21/1991,953 Forster Center,Montpellier,34934 CEDEX 9,251782.97,2020-06-03T06:02:58Z
456,Lorilyn,Haslock,12/20/1973,64 Orin Street,Yantian,,100698.17,2020-07-19T09:11:44Z
457,Terrijo,Nugent,11/27/1988,5 Gina Street,Nazaré,2450-104,980678.46,2021-11-17T16:34:41Z
458,Erda,Bessey,10/31/1971,49210 Hovde Drive,Sanqishi,,864323.12,2021-02-28T09:59:43Z
459,Jodi,Motion,05/02/1975,7220 Schlimgen Circle,Pasirmalang,,969258.28,2021-11-17T12:03:28Z
460,Kenon,Millett,4/27/1987,17 Portage Junction,Ariana,,262588.02,2020-02-07T15:24:57Z
461,Arabele,Baiyle,03/01/1980,0 Clove Way,New York City,10184,166552.3,2021-09-27T02:07:31Z
462,Lian,Viegas,6/27/1975,7 Declaration Parkway,Kecskemét,6004,693333.84,2020-04-01T18:47:06Z
463,Korrie,Fenner,3/16/1975,8896 Mallard Plaza,Alès,30104 CEDEX,8433.8,2020-11-16T18:17:17Z
464,Shem,Mewe,3/27/1972,1777 Ruskin Place,Kuching,93916,938255.85,2021-08-03T19:24:11Z
465,Lorie,O' Concannon,10/21/1992,5 Del Mar Center,Casalinho,2540-170,657944.83,2021-08-07T21:06:43Z
466,Margot,Aikin,09/01/1999,39 Mendota Way,Drásov,664 24,449424.77,2021-10-30T14:48:02Z
467,Felice,Gibbons,3/31/1977,31 Michigan Center,Sanchahe,,125992.13,2021-12-09T03:53:17Z
468,Adriena,Weeks,8/27/1997,529 Scofield Plaza,Stockholm,114 79,580830.12,2020-04-17T10:18:29Z
469,Armand,Esposi,9/13/1978,337 Summer Ridge Crossing,Smolensk,214501,936423.5,2021-10-20T19:41:30Z
470,Rafaela,Harroll,04/05/1992,98927 Montana Crossing,Iizuka,820-1114,781131.1,2020-05-06T05:17:24Z
471,Arie,Plom,10/13/1999,3 Eastwood Point,Gangmian,,948265.5,2021-12-29T05:33:47Z
472,Chris,Solomonides,1/17/1974,56 Blackbird Avenue,Arcueil,94745 CEDEX,893318.76,2021-04-27T20:51:35Z
473,Mar,Dicey,5/20/2002,42046 Corscot Circle,Miasteczko Śląskie,42-610,250865.83,2021-01-08T11:17:29Z
474,Thomasin,Ghidoli,07/08/1988,6117 Hovde Avenue,Kota Kinabalu,88758,286522.4,2021-02-01T12:39:03Z
475,Rene,Hamblett,2/26/1976,4 Sachs Trail,Karlstad,651 11,333432.67,2021-10-22T10:12:11Z
476,Tawsha,Radage,05/05/1986,44353 Washington Place,Guayabal de Síquima,253217,524047.66,2020-06-07T07:52:36Z
477,Lexie,Ransley,3/27/2005,01 Jenifer Lane,Overyata,617071,833548.05,2021-08-27T00:12:22Z
478,Neils,Tims,8/15/1980,8303 Hudson Trail,Shirgjan,,471775.09,2020-04-13T06:41:44Z
479,Towney,Mateja,02/03/1994,8579 International Crossing,Lamovita,,686407.51,2021-06-08T22:07:26Z
480,Hagan,Al Hirsi,9/27/1981,018 American Ash Pass,Ivoti,93900-000,186786.46,2020-10-01T06:16:49Z
481,Nelly,Aucock,11/07/1975,68701 Raven Plaza,Juxing,,167650.21,2020-05-30T17:20:53Z
482,Meg,Markey,8/14/1992,5 Heffernan Street,Charata,3730,193162.35,2021-03-07T00:05:00Z
483,Fred,Mountcastle,10/21/1978,0 Ryan Junction,Jiangyou,,461787.81,2021-11-15T02:12:00Z
484,Kinny,McLagain,9/22/1997,6417 Logan Pass,Santos Evos,3505-318,381159.88,2020-12-25T13:33:04Z
485,Dacey,Slaight,01/05/2005,1 Leroy Park,Teknāf,4762,562380.98,2021-08-30T02:10:21Z
486,Davidson,Hannah,01/05/1994,69673 Beilfuss Place,Mysove,,405869.65,2020-06-17T09:46:41Z
487,Layne,Brettelle,03/10/1973,74 3rd Junction,Ipiaú,45570-000,218117.93,2020-03-31T04:05:40Z
488,Dyann,Yurenin,6/22/1970,2 Bultman Road,Baturaden,,99484.41,2020-06-13T02:56:51Z
489,Lani,Anthon,12/10/2002,926 Graedel Court,Sacramento,94207,63814.07,2021-12-19T01:26:55Z
490,Sigfrid,Coursor,6/14/1971,4909 Clyde Gallagher Street,Pangkajene,,221066.64,2021-06-14T18:15:52Z
491,Binnie,Leguey,9/28/2003,912 Mayfield Crossing,Izazi,,896115.95,2021-10-31T05:48:11Z
492,Stearn,Winterflood,7/17/1986,206 Macpherson Street,Balungao,2442,954503.04,2021-06-25T23:57:33Z
493,Karola,Kanter,4/25/2005,04 Sachtjen Alley,Luobuqiongzi,,917747,2021-02-12T19:45:54Z
494,Rudy,Kleis,05/09/1987,491 Loomis Alley,Radoboj,49232,330995.74,2021-08-22T21:42:48Z
495,Isobel,Seebert,9/21/1989,36 Saint Paul Center,Nunmanu,,638324.05,2020-03-21T13:53:20Z
496,Rex,Newburn,2/18/1990,0596 Duke Road,Nantai,,416573.53,2020-05-08T00:55:24Z
497,Chelsy,Audiss,11/07/1999,8873 Monica Parkway,Rogowo,88-420,643343.68,2020-09-07T23:34:39Z
498,Mellicent,Sturte,10/09/2000,6791 Ridgeview Junction,San Pedro Carchá,16009,51385.28,2021-02-07T12:40:50Z
499,Husein,Squibb,8/31/1983,15 Shoshone Point,Manggis,,198544.68,2020-12-19T11:49:42Z
500,Marybelle,Hardi,1/17/1973,32 Vernon Court,Lapa do Lobo,3525-606,475803.27,2020-07-21T15:18:30Z
501,Magdalena,Riggulsford,04/08/1973,6065 Daystar Drive,Perfilovo,665220,735163.18,2020-06-07T17:31:59Z
502,Lynnell,Fulbrook,10/24/2002,42 Dakota Court,Fomento,,295875.28,2020-08-25T22:03:31Z
503,Drucill,Hyndley,2/25/1990,927 Novick Circle,Sarirejo Satu,,224765.17,2021-06-22T22:18:50Z
504,Michael,Holton,5/19/1970,166 South Circle,Mawu,,562502.25,2020-01-29T00:35:27Z
505,Erskine,Kyte,08/12/1983,85342 Packers Street,Jednorożec,06-323,165007.14,2021-05-07T03:42:46Z
506,Almeta,Andreucci,7/23/1980,4 Fairfield Pass,Iriga City,4431,56070.78,2021-01-30T11:25:55Z
507,Ariela,Durn,07/06/1971,2 Mosinee Street,Jayune,,149584.82,2020-09-15T04:49:34Z
508,Ave,Taberner,05/02/1998,989 Northland Terrace,Dzwola,23-304,570787.52,2020-01-05T05:45:41Z
509,Caddric,Reyna,8/16/2000,5 Messerschmidt Court,Henan’an,,659280.93,2020-04-14T04:21:06Z
510,Anett,Woof,07/02/1999,6 Talmadge Plaza,Tamanan,,606587.05,2020-01-10T02:14:25Z
511,Nikolia,Santos,12/16/1986,449 Ridgeview Way,Frydrychowice,34-108,115045.43,2020-03-24T18:24:10Z
512,Janie,Prine,07/02/1974,2 Village Green Pass,Lyaskovets,5145,578502.3,2020-12-13T14:25:06Z
513,Felicity,Ricardin,10/13/1977,82237 Cherokee Way,Zhenghu,,544203.9,2020-02-16T06:16:32Z
514,Maire,Hallas,4/15/1985,43355 Vera Circle,Amuru,,416754.76,2020-10-17T09:53:54Z
515,Mathilda,Borris,4/29/1974,11680 Caliangt Street,Gar,,61673.27,2020-10-09T03:33:26Z
516,Bill,Archbell,10/06/1998,71452 Westerfield Lane,San Francisco,87504,774437.8,2020-05-27T15:41:10Z
517,Raynard,Horick,03/11/1985,69498 Sloan Terrace,Molde,6413,305048.33,2020-12-18T08:07:16Z
518,Beverie,Yakubovich,05/09/1987,6107 Shelley Plaza,Cilongkrangpusaka,,83765.53,2021-05-22T08:34:35Z
519,Byrle,Larratt,07/12/2000,65 Sunbrook Trail,El Asintal,11009,184264.2,2021-02-28T11:00:05Z
520,Vail,Simmings,01/10/2004,58 Annamark Crossing,Qingjiang,,792571.4,2021-08-14T20:38:39Z
521,Crissy,Glasspoole,11/15/2002,2625 3rd Lane,Ziftá,,859669.14,2021-09-01T03:07:42Z
522,Cordy,Covelle,11/16/1994,3 Dryden Court,Soko,,903442.45,2020-11-24T18:59:50Z
523,Jefferey,Addison,2/14/2005,73 Lien Plaza,Sanhe,,982078.94,2020-10-17T01:49:52Z
524,Mame,Greggersen,11/17/1995,16450 Almo Circle,Lộc Bình,,759424.58,2021-12-27T08:05:27Z
525,Sam,Grooby,4/15/1988,5156 Forest Run Crossing,Springfield,62711,810669.91,2020-09-06T09:51:09Z
526,Woodman,Snailham,9/16/1988,1 Melrose Road,Al Maḩfid,,581969.4,2021-05-02T20:31:50Z
527,Timotheus,Egel,11/09/1979,389 Bultman Terrace,Dizhai,,42657.6,2020-11-18T08:44:57Z
528,Nicky,Gourley,6/22/1997,6078 Shoshone Alley,Humniska,36-206,162774.44,2020-12-15T13:00:38Z
529,Foster,Haking,12/19/2004,7 Prairie Rose Junction,Longjumeau,91169 CEDEX,206933.05,2020-08-18T02:59:50Z
530,Jeane,Fernando,8/20/1992,8754 Dayton Pass,Yanzhou,,734056.33,2020-01-11T13:14:56Z
531,Garret,Wakley,12/03/1983,72 Valley Edge Court,Aíyira,,246091.67,2021-02-11T07:49:39Z
532,Kinna,Larrat,5/30/1994,25 Upham Hill,Nevers,58028 CEDEX,442570.65,2021-01-11T18:44:31Z
533,Aura,Saffrin,06/01/1992,01 Knutson Alley,Guilin,,589979.92,2021-09-01T15:51:18Z
534,Eddie,Laughlin,1/21/1999,6771 Tomscot Place,Jardinópolis,14680-000,812020.78,2021-01-17T12:51:08Z
535,Vincent,Labusquiere,12/12/1999,17323 Straubel Street,Kotabunan,,577563.86,2021-09-17T23:26:24Z
536,Hinze,Bonnor,6/26/1992,0260 John Wall Way,Hengli,,93592.6,2020-10-10T13:28:52Z
537,Leeland,Balhatchet,05/01/1994,2382 Vernon Crossing,Vila Chã,3720-727,455519.52,2021-11-07T06:31:30Z
538,Kissee,Van Weedenburg,09/01/1979,1 Crownhardt Center,Houzhai,,791252.33,2020-04-20T14:07:29Z
539,Trace,Kearle,7/17/2000,720 Fairfield Junction,"Palmas De Gran Canaria, Las",35005,120915.16,2021-03-15T22:55:55Z
540,Dermot,Beddoes,06/08/1983,30 Oxford Alley,Thị Trấn Cao Phong,,406093.59,2020-02-08T03:07:26Z
541,Bradford,Willoughley,3/30/1984,91447 Cordelia Court,Langchi,,573615.82,2020-12-16T16:02:37Z
542,Seamus,Eyton,06/10/2001,63480 Red Cloud Road,General Enrique Godoy,8336,513284.95,2020-05-12T06:24:38Z
543,Luciano,Clausen,03/08/1994,49286 Main Way,Buriti Bravo,65685-000,403719.57,2020-01-03T04:52:23Z
544,Shantee,Vaux,10/21/1980,6 Bonner Avenue,Portland,97229,374726.47,2021-02-22T03:13:04Z
545,Gwynne,Birrel,5/16/1979,56053 Truax Terrace,Honolulu,96850,95534.9,2021-05-18T07:14:08Z
546,Dorice,Corgenvin,12/13/2004,50402 Northland Plaza,Az Ziyārah,,219365.82,2021-12-01T14:27:13Z
547,Berti,Rothera,11/22/1977,3 Golden Leaf Circle,Sainte-Anne-des-Plaines,J4X,518522.15,2020-07-22T16:15:05Z
548,Pancho,Crosio,4/27/1993,03001 Arrowood Drive,Boroko,,323141.09,2020-06-06T19:18:10Z
549,Pearle,McBlain,5/30/1989,031 Walton Court,Sherwood Park,T8A,897049.81,2021-03-05T17:33:00Z
550,Ralph,Bleakley,5/18/1988,5 Southridge Circle,Leonídio,,541760.19,2021-09-19T15:01:16Z
551,Shalom,Kebell,06/09/1985,4 Springs Street,Xinwan,,588986.3,2021-04-18T18:46:09Z
552,Dorey,Beslier,3/18/1978,0 Veith Circle,Chongjin,,380143.18,2020-02-25T16:56:21Z
553,Marjory,Vinick,7/22/1978,9 Manufacturers Center,Tuapukan,,748628.95,2021-10-19T15:19:09Z
554,Terry,Wicks,09/04/1985,85 Rusk Parkway,São Caetano do Sul,09500-000,523864.49,2021-03-24T21:20:57Z
555,Mikael,Gordon-Giles,08/03/1974,73591 Manitowish Circle,Mashtūl as Sūq,,469629.26,2020-12-29T20:48:26Z
556,Fayre,Eakin,11/30/1980,4337 Hudson Point,Xueshan,,726222.07,2021-04-09T09:53:09Z
557,Lacee,Djurisic,02/06/1991,587 American Pass,Mayisyan,,806895.81,2020-08-28T16:03:39Z
558,Briney,Ridewood,06/09/1976,71697 Milwaukee Court,Margate,4281,619148.89,2021-04-09T13:19:12Z
559,Giraud,Wakelin,02/12/1974,8322 Dawn Drive,Banjar Pasekan,,591100.39,2021-04-17T01:54:32Z
560,Shermy,McCuffie,11/15/1971,62098 Coleman Lane,Vichuga,155334,904117.09,2021-07-06T13:39:25Z
561,Daryl,Dionisetto,1/16/1984,03333 Schmedeman Plaza,Tai’an,,205885.44,2020-07-09T22:22:09Z
562,Tome,Waymont,03/08/2004,50 Aberg Alley,Huanghai,,73707.46,2020-03-13T14:44:42Z
563,Pegeen,Pawnsford,10/12/1998,92 Golf Hill,Ozherel’ye,142920,580522.25,2021-03-11T19:14:40Z
564,Tiphany,Ruddlesden,05/05/1998,7372 Bashford Place,Ligang,,625759.92,2020-09-29T04:07:04Z
565,Efren,Abilowitz,10/17/1981,3 Kenwood Hill,Lyubeshiv,,81243.5,2020-04-04T15:24:12Z
566,Gretel,Kemmis,11/02/1987,88 Anthes Pass,Hongshanzui,,554661.5,2021-07-07T14:14:51Z
567,Brunhilde,Dominka,04/02/1995,938 Hoard Trail,Taiping,,586664.15,2020-07-29T10:04:45Z
568,Nettie,Verecker,10/09/1987,3 Anhalt Plaza,Metapán,,741949.78,2020-03-18T13:30:23Z
569,Gearard,Chaston,5/23/1987,6 Little Fleur Pass,Mamboma,,817686.37,2021-06-20T01:29:17Z
570,Joete,Marxsen,8/26/1988,3654 Annamark Place,Georgīevka,,291044.21,2021-10-26T00:43:10Z
571,Jaquenette,Brimblecomb,10/02/1990,86963 Kings Hill,Tbilisskaya,352364,594367.78,2020-01-28T09:22:22Z
572,Percival,Giorgioni,11/15/1970,9 Oak Pass,Växjö,351 88,742607.47,2020-03-02T10:01:33Z
573,Ysabel,Kleinmintz,11/29/1999,471 Onsgard Junction,Malasugui,4612,318360.83,2020-01-28T03:36:34Z
574,Zorana,Jakel,10/24/1982,33795 Anhalt Way,Nueva Fuerza,6224,384763.11,2021-12-17T18:19:28Z
575,Byron,Etches,12/28/1971,1 Dakota Park,Yuzhai,,478312.9,2021-10-17T03:39:01Z
576,Sibel,MacNockater,5/19/1999,027 Glendale Circle,Roissy Charles-de-Gaulle,95761 CEDEX 1,89891.84,2021-01-12T09:07:55Z
577,Ophelia,Sargeaunt,10/10/1992,407 Northport Lane,Vidual,3220-350,53592.64,2021-04-13T22:07:24Z
578,Calhoun,Pietzker,9/25/1991,07 Sommers Avenue,Genova,16146,376685.6,2021-03-06T20:57:10Z
579,Cleopatra,Amps,2/15/1996,8 Manitowish Crossing,Svalöv,268 32,531286.04,2020-02-03T13:36:53Z
580,Rhodia,Padilla,11/27/1981,628 Truax Crossing,Auriflama,15350-000,680172.03,2021-07-20T11:33:10Z
581,Korey,Castell,12/09/1980,60078 Redwing Plaza,Chwałowice,27-630,809506.25,2021-06-20T19:44:56Z
582,Anastassia,Semor,12/10/1970,139 Badeau Point,Yuqunweng,,430259.48,2021-03-22T10:11:03Z
583,Harmony,Smeed,5/23/1997,5 Ludington Circle,Xinkai,,627941.63,2021-11-08T07:40:53Z
584,Pammie,Pelz,7/18/1975,1 Lakewood Gardens Avenue,Miandrarivo,,667767.93,2020-10-03T13:51:17Z
585,Danny,Dimbleby,04/06/1974,29 Springs Court,Pavlovka,433710,179771.7,2021-12-12T22:44:41Z
586,Marget,Beckett,03/07/2002,321 Spaight Pass,Beaverlodge,G8A,7699.5,2021-08-11T20:34:04Z
587,Constance,Goroni,05/04/2000,1760 Kipling Pass,Guinsadan,2621,94084.13,2020-04-04T19:03:47Z
588,Edwina,Blaxland,12/26/1974,6 Evergreen Court,Speightstown,,527804.45,2021-08-31T22:48:24Z
589,Effie,Ruseworth,8/27/1983,1277 Center Avenue,Babakan,,304048.98,2020-12-22T18:31:14Z
590,Auguste,Wallace,5/25/2001,90 Birchwood Terrace,Kranuan,40170,932808.73,2020-12-24T04:47:43Z
591,Adelheid,Melwall,08/12/2004,5384 Fulton Alley,Mbigou,,748319.23,2021-07-13T09:31:13Z
592,Frederic,Sollner,03/09/1982,1595 Mayer Avenue,Consolacion,6001,137843.57,2021-02-06T11:57:58Z
593,Alaster,Brazil,4/22/1978,03215 Hintze Parkway,Las Garcitas,3515,896521.44,2021-10-16T12:00:51Z
594,Lorri,Elsdon,09/11/2003,57480 Debra Drive,Indianapolis,46295,415513.57,2020-09-17T22:40:42Z
595,Micah,Lightning,4/15/1974,42 Caliangt Parkway,Pirapora,39270-000,947582.27,2020-01-01T14:14:13Z
596,Holly-anne,Pallent,03/10/1992,2 Arapahoe Street,Jinshan,,292270.81,2021-02-21T12:25:42Z
597,Roscoe,Fasler,3/27/1991,6502 School Hill,Sobreira,4640-545,128988.2,2021-08-17T06:01:27Z
598,Karola,Thys,5/19/1998,12946 Spohn Drive,Luqiao,,10797.91,2020-03-13T14:56:16Z
599,Henrieta,Van T'Hoog,5/21/1990,28 Luster Terrace,Beringinjaya,,597326.75,2021-11-03T01:09:26Z
600,Giffard,Elden,3/28/1990,00 Oak Valley Road,Santa Elena,,588327.91,2021-09-27T23:35:10Z
601,Sheryl,Lougheid,09/08/1990,896 Clyde Gallagher Avenue,Mbaïki,,510868.57,2021-07-10T13:59:58Z
602,Kassi,Capstick,5/30/1984,653 Pankratz Park,Stavyshche,,76864.52,2021-07-01T20:19:16Z
603,Bradley,Turbat,5/19/1981,22073 Elka Hill,Matungao,9203,241047.72,2020-06-20T14:56:30Z
604,Hewett,Yeowell,12/21/1984,22 Wayridge Place,Kokop,,207577.94,2020-04-12T16:38:52Z
605,Lazaro,Kondratenko,05/06/1995,494 Aberg Junction,Liqiao,,74321.44,2021-09-14T21:30:33Z
606,Silvana,Krop,3/24/1970,159 Dawn Park,Wangzuizi,,283155.51,2020-02-24T12:18:25Z
607,Rennie,Antonognoli,3/20/1974,8247 Beilfuss Pass,Qianjin,,364100.37,2021-12-30T17:30:36Z
608,Una,Sewley,05/12/2005,66 Calypso Lane,Shu,,491574.24,2020-07-29T02:45:50Z
609,Piotr,Perllman,03/09/1975,22219 Delaware Lane,Pagsanahan Norte,4023,959564.61,2020-11-23T14:38:13Z
610,Farica,Swyer-Sexey,09/05/1994,45202 Namekagon Parkway,Mokotów,05-090,403067.97,2020-06-04T19:24:54Z
611,Aube,Philliskirk,8/18/1976,57728 Daystar Parkway,Dongdajie,,179089.77,2021-11-28T10:13:00Z
612,Jules,Brickstock,10/27/1993,2134 Saint Paul Way,Gorbatovka,155625,723357.96,2021-03-17T00:58:49Z
613,Jessica,Brose,2/24/1993,2835 Ridge Oak Road,Villarrica,,12961.85,2021-07-15T07:18:38Z
614,Crichton,Saile,1/16/1991,6110 Farwell Circle,Mengla,,312906.03,2021-08-05T05:31:18Z
615,Hollis,Oven,5/25/2004,53438 Packers Circle,Cimanggu,,674557.23,2020-11-28T13:37:34Z
616,Marita,Wetherby,1/20/1990,343 Florence Way,Ganghwa-gun,,896596.36,2021-06-29T05:15:14Z
617,Caroline,Meeke,8/21/2001,29571 Browning Plaza,Xipingle,,983684.03,2021-11-07T17:20:24Z
618,Christalle,Keyte,8/21/1973,31 Main Circle,Mullagh,V31,116858.12,2020-02-15T10:26:51Z
619,Cherida,Roon,12/05/1975,56 1st Junction,Manlucahoc,2805,721985.29,2020-10-11T17:15:24Z
620,Ulises,Walenta,01/09/1999,9 Hudson Lane,Morelos,73795,832045.24,2020-08-10T23:27:01Z
621,Nancey,Bore,11/19/1994,406 Donald Parkway,Sutton,CT15,173621.54,2020-05-06T20:08:55Z
622,Willow,Ralston,12/04/2002,22554 1st Road,Labelle,N2L,96750.3,2021-11-20T05:01:59Z
623,Vallie,Gunda,7/21/1976,58269 Morning Terrace,Funes,523528,424131.66,2020-01-09T00:18:47Z
624,Vinnie,Blenkinsop,02/07/1975,1 Burrows Court,Gembu,,311920.56,2020-09-21T05:43:33Z
625,Delores,Boyall,12/07/2005,45 Brickson Park Street,Maubara,,903427.63,2020-03-18T10:22:23Z
626,Nettle,Royson,03/03/1974,4 Myrtle Terrace,‘Arab ar Rashāydah,,280251.21,2020-03-16T20:58:13Z
627,Armstrong,O'Shevlin,11/08/2002,9256 Gateway Junction,Bergem,L-3318,144708.85,2020-11-13T03:04:46Z
628,Husain,Clayden,01/07/1983,5925 Burrows Pass,Log,403060,188236.98,2020-07-29T23:52:15Z
629,Aloysia,Gabitis,12/28/1984,15 Upham Place,Đắk Mâm,,705699.69,2021-11-24T01:04:59Z
630,Jaymee,Monckman,09/05/1979,3198 Karstens Place,Vilque Chico,,657084.87,2021-03-31T08:41:59Z
631,Maryanna,Beaumont,10/06/1997,78813 Northwestern Plaza,Xincun,,118311.42,2020-08-10T15:47:04Z
632,Fionna,Hunsworth,9/20/2003,679 Carpenter Crossing,Yanglinqiao,,191180.76,2020-12-12T11:34:46Z
633,Chuck,Mack,9/14/1993,44 Bunker Hill Hill,Siem Reap,,276446.31,2021-01-22T03:29:45Z
634,Catharina,Weall,10/12/1981,94851 Tennyson Alley,Hartford,6152,247637.03,2021-10-15T13:56:40Z
635,Buckie,Aubury,9/18/1985,9 Fair Oaks Point,Kotkot,6612,256054.13,2021-12-15T05:03:28Z
636,Lorine,Vasyutichev,08/10/2002,48465 Hagan Point,Mayo,6813,110156.4,2020-05-06T05:47:00Z
637,Sasha,Leheude,4/28/1983,23315 Brickson Park Street,Prosperous,R14,655825.55,2021-05-13T19:58:51Z
638,Bren,McGilmartin,1/22/1974,66128 Mariners Cove Road,Lengji,,510071.43,2021-04-12T13:32:41Z
639,Arliene,Srawley,2/18/1992,2 Waywood Trail,Hrtkovci,,482052.08,2021-04-16T19:22:11Z
640,Faunie,Cordey,8/17/2004,1 Stephen Court,Fontainhas,2435-553,995965.1,2020-10-06T02:13:24Z
641,Lynelle,Gaspero,10/30/1981,24554 Ridgeway Center,Otacílio Costa,88540-000,522676.53,2021-03-05T18:05:54Z
642,Dacia,Moscone,1/27/2001,8 Cordelia Plaza,Tall Salḩab,,179427.83,2021-11-24T02:13:32Z
643,Kayla,Serman,12/27/1971,3323 Towne Trail,Uralets,622910,586165.56,2021-08-08T23:37:07Z
644,Nigel,Noah,5/30/1996,41755 Michigan Center,Yamaranguila,,567742.77,2021-03-26T22:41:46Z
645,Dacey,Farguhar,09/04/1980,0069 Westport Park,El Hermel,,606043.03,2020-05-20T15:47:03Z
646,Bordie,Marzelle,9/14/1996,3637 Tennessee Point,Dan Khun Thot,30210,710060.2,2021-11-21T23:09:46Z
647,Othella,Sparling,9/15/1978,80 Fairview Way,Veracruz,,804364.91,2020-02-08T17:42:43Z
648,Maura,Lukacs,08/08/1980,39 Merrick Alley,Dongning,,942374.08,2021-12-20T01:49:33Z
649,Franz,Kirlin,2/18/1981,09797 Bonner Street,Kavallári,,373351.71,2021-03-28T15:04:13Z
650,Cristiano,Cotty,6/18/1998,73281 Delladonna Way,Al ‘Awjah,,193776.98,2021-09-30T05:43:34Z
651,Wendy,Brogi,7/13/1998,90584 Eastwood Court,Deqing,,239354.43,2020-08-08T23:01:04Z
652,Garrik,Jemmison,01/01/1991,19421 Buhler Court,Chrząstowice,46-053,836650.06,2021-08-20T04:16:57Z
653,Gabbie,Vasyatkin,11/11/1985,04215 Lukken Point,Tanlin,,764339.46,2021-10-16T14:27:13Z
654,Phil,Dessant,11/24/1972,2482 Ilene Terrace,Lipahan,6225,236518.77,2020-07-03T00:48:12Z
655,Ruthie,Rosthorn,6/26/1973,50176 Becker Pass,Igreja,4970-150,840065.03,2021-05-15T21:32:19Z
656,Rosalia,Demange,07/04/1988,755 Algoma Terrace,Smoky Lake,N8V,755928.63,2021-07-13T13:50:17Z
657,Doretta,Sandon,12/30/1996,0094 Eagle Crest Road,Ban Phue,96130,172648.72,2021-04-26T20:25:12Z
658,Linnell,Lant,08/07/1987,8 Truax Pass,Póvoa,4870-130,93732.03,2021-06-05T02:54:27Z
659,Ferrel,Semor,12/09/2005,0 Schiller Pass,Zarrīn Shahr,,906334.33,2021-11-04T04:33:00Z
660,Calla,Jori,12/23/1987,04 Pearson Crossing,Shanting,,156003.6,2021-06-24T16:17:24Z
661,Dre,Acklands,09/01/1979,510 Tennyson Park,Maroanging,,608098.92,2021-01-02T02:03:53Z
662,Tarra,Follis,03/01/1991,6 Lien Parkway,Linares,522508,634873.2,2020-05-08T09:39:54Z
663,Alaster,Rau,5/29/1979,844 Charing Cross Point,Jonava,55014,338603.08,2021-07-20T10:10:08Z
664,Melodee,Pesterfield,01/07/1986,43279 Hagan Alley,Daixi,,796101.48,2021-01-21T11:33:42Z
665,Alayne,Lafuente,2/14/1972,8 Moland Road,La Guama,,201615.27,2021-07-19T01:45:41Z
666,Guinevere,Trattles,01/08/1999,68287 Corry Terrace,Saint John,E2L,605699.61,2021-10-11T01:25:59Z
667,Enriqueta,Gadesby,8/19/2000,73 Mendota Junction,Evxinoúpolis,,196508.88,2021-03-01T13:40:23Z
668,Pauline,Edie,3/25/2004,619 Mosinee Alley,Paso de Indios,9207,417929.56,2021-03-01T22:41:53Z
669,Rich,Seden,06/01/2000,97 Messerschmidt Lane,Mutangyuan,,721301.24,2021-09-24T02:57:39Z
670,Bellanca,Speirs,5/31/1988,6467 Mifflin Place,Nyūzen,939-0751,398270.58,2021-07-26T00:43:47Z
671,Chastity,Mapstone,8/17/1999,1 Clyde Gallagher Place,Dalududalu,,61290.21,2021-11-30T12:48:17Z
672,Randy,Luciano,3/25/1976,6 Division Hill,Khóra,,308170.18,2020-05-14T09:33:40Z
673,Killie,Levis,11/05/1970,958 Esch Junction,Osinniki,652809,196975.19,2020-01-24T07:52:48Z
674,Nikolos,Snartt,03/09/1971,56 Cottonwood Avenue,Dallas,75310,287934.19,2020-07-06T18:17:14Z
675,Zoe,Kubach,11/10/1993,418 Jackson Junction,Gaimán,9105,204971.89,2021-06-05T13:14:59Z
676,Gerta,Stillwell,08/11/2003,29 Lotheville Parkway,Shuangshan,,575087.06,2020-07-30T08:32:30Z
677,Leann,Tenniswood,3/20/1996,12883 Milwaukee Terrace,Şaḩam,,262505.49,2021-05-10T16:22:48Z
678,Estrella,Curee,1/31/1982,1110 Crowley Circle,Xicheng,,163134.52,2021-07-14T04:27:39Z
679,Hatti,Marden,4/21/1973,00441 Reindahl Way,Poctol,7416,597715.71,2021-05-22T23:33:51Z
680,Gisella,Goodley,6/20/1996,76 John Wall Lane,Erenhot,,349647.19,2021-09-26T15:10:38Z
681,Hagen,Filtness,11/01/1984,3 Fuller Center,Aş Şalw,,853278.62,2020-11-18T03:45:22Z
682,Mollie,Peto,6/23/1990,60811 Harbort Terrace,Pangkalan,,104741.12,2020-10-09T21:44:57Z
683,Gran,Romeuf,7/29/1982,1905 Acker Drive,Gongfang,,516392.22,2020-07-10T01:07:34Z
684,Claudianus,Wildgoose,12/11/1984,2 Thierer Place,Taikang,,341229.25,2021-06-16T20:10:22Z
685,Boonie,Wingatt,06/10/1984,4 Grover Crossing,Gaozhai,,853462.82,2020-02-18T09:39:53Z
686,Wildon,Ginnety,4/20/1998,620 Schmedeman Place,Shuanggang,,25393.93,2020-01-25T13:04:28Z
687,Forrester,Blasi,4/16/1995,37928 Delaware Junction,Ningdun,,231374.12,2020-10-18T21:24:27Z
688,Quentin,Wackly,11/21/1982,830 Farmco Parkway,Saint Catherine,,242777.14,2020-04-30T13:22:11Z
689,Al,Laurenty,10/10/1974,1 Paget Road,Mulyadadi,,381713.04,2020-09-23T08:11:42Z
690,Cary,Kohlerman,12/29/1976,60163 Brickson Park Court,Baião,4640-107,159468.05,2021-05-24T22:41:11Z
691,Alleyn,McGilmartin,1/28/2005,9867 6th Plaza,Mongo,,774022.87,2021-10-13T19:28:58Z
692,Worth,Hallede,5/16/1988,82 Anthes Place,Puyuan,,248956.99,2021-04-08T04:18:55Z
693,Gaile,Mangion,12/03/1971,10 Manley Court,Astanajapura,,290382.86,2020-08-28T10:57:59Z
694,Kelby,Cardenas,4/29/1995,3241 Banding Pass,Ni’ao,,232193.03,2021-05-13T08:29:20Z
695,Lidia,Windeatt,11/16/1970,8844 Oak Place,Portland,97229,48535.38,2021-09-27T12:32:17Z
696,Florinda,Freak,6/17/1982,5861 Bay Way,Wuqishan,,963244.59,2021-08-21T16:32:16Z
697,Alix,Deek,12/30/2002,57 Northview Alley,Töreboda,545 35,79772.89,2020-07-02T17:51:00Z
698,Caressa,Heppenspall,09/10/1992,90 Carpenter Terrace,Donghai,,411189.91,2020-08-11T06:54:31Z
699,Floria,Seleway,10/12/1984,0 Hauk Point,Jingcheng,,134045.02,2021-03-07T23:01:59Z
700,Bobby,Fullun,6/21/2003,948 Del Sol Terrace,Nowshera Cantonment,22511,225472.52,2020-03-14T00:19:34Z
701,Martelle,Treasure,3/24/1989,9020 Summit Avenue,La Paz de Oriente,,990587.65,2020-01-06T07:09:02Z
702,Leeann,Spears,04/09/1982,08 Elmside Pass,Bukedea,,983312.24,2020-04-25T02:58:20Z
703,Cassandre,Reiach,11/02/1990,660 Farwell Court,Keles Timur,,1204.36,2021-08-08T19:41:46Z
704,Domenico,Monro,11/10/1993,582 Bobwhite Terrace,Ha,,916031.73,2020-10-28T20:33:25Z
705,Izak,Craney,12/30/1973,67 Killdeer Place,Kroya,,669309.1,2021-08-24T18:37:32Z
706,Fernandina,Jeaves,2/15/1988,7315 Loftsgordon Avenue,Tajinan,,703905.37,2020-11-01T21:19:16Z
707,Kermie,Mourbey,6/23/2002,7 Tennessee Center,Menzel Jemil,,930345.52,2020-12-27T20:48:58Z
708,Julianne,Mortell,02/10/1986,4063 Homewood Plaza,Jiangkou,,249754.23,2021-08-31T14:52:44Z
709,Tiphani,Maslen,11/28/1972,8 Eastwood Point,Druya,,943853.55,2021-09-03T08:43:08Z
710,Terza,Duckham,4/24/1990,989 Vera Plaza,Bangeran,,797481.28,2020-09-14T06:47:24Z
711,Ilene,Catenot,01/12/1993,74 Almo Parkway,Merke,,849106.27,2020-12-12T21:13:52Z
712,Heda,Greated,02/02/1999,364 Veith Center,Lemenhe,4775-404,217126.48,2020-08-19T04:09:39Z
713,Elmo,Bruhnsen,9/20/1991,68 Erie Drive,Cambebba,11990-000,556876.52,2020-09-25T15:00:49Z
714,Brewster,Karpfen,08/03/1982,20 Eastwood Way,Vandœuvre-lès-Nancy,54516 CEDEX,667606.91,2021-06-14T19:31:15Z
715,Corrie,Le Marquis,1/16/1987,94 Graedel Trail,Carromeu,3070-024,964558.18,2021-01-05T22:29:35Z
716,Nolly,Moffet,08/07/1996,88403 East Place,Créteil,94946 CEDEX 9,54196.74,2020-03-04T16:46:04Z
717,Elysha,Oswal,05/09/1981,5459 Dawn Trail,Vukovar,32010,150003.98,2020-11-11T13:25:18Z
718,Claire,O' Hanvey,1/13/1989,88 Mallard Point,Taldyqorghan,,617409.49,2020-03-13T09:06:40Z
719,Cristal,Margrett,12/25/1971,51 Mayfield Junction,Tres Arroyos,2445,733350,2020-08-24T00:02:32Z
720,Alyss,Bedwell,04/07/2001,39 Kensington Park,Ourozinho,3630-139,197902.23,2020-12-25T14:51:47Z
721,Gerladina,Binns,12/05/1970,1795 Gale Center,Issoudun,36104 CEDEX,491009.95,2020-03-19T19:41:02Z
722,Donnie,Kilmister,10/09/1972,752 North Pass,Skanör,239 35,820239.16,2020-08-06T12:43:26Z
723,Curt,Bearne,1/27/1999,17 Thackeray Drive,Tissa,,19015.85,2020-12-27T06:11:46Z
724,Wilburt,Raft,8/30/1994,26 Donald Street,San Bernardino,,226060.56,2021-06-28T04:25:23Z
725,Dulce,Monteath,12/19/1991,198 Mayfield Avenue,Cauayan,6112,78341.46,2020-09-18T21:14:57Z
726,Christos,De Angelis,06/05/1986,9882 Doe Crossing Plaza,Ḩājī Khēl,,59338,2020-11-29T00:52:39Z
727,Lee,Heyfield,08/01/1998,98 Sloan Lane,Cherga,649219,179317.23,2021-03-21T05:29:06Z
728,Salvador,Devonside,11/03/1999,3 Pennsylvania Pass,Brněnec,569 04,19242.01,2020-12-16T19:09:18Z
729,Pavia,Dymocke,04/08/1972,378 Merrick Street,Zduńska Wola,98-231,733554.92,2021-04-04T19:36:13Z
730,Alvan,Shiel,12/20/1985,388 Golf View Court,Banjar Timbrah,,218239.12,2020-02-18T23:27:03Z
731,Ronalda,Piers,6/26/1996,0 Anderson Place,Solna,171 43,885423.77,2020-10-15T22:59:30Z
732,Jeno,Lacknor,07/03/1987,1564 Bay Junction,Chicago,60686,75728.15,2020-01-29T09:48:01Z
733,Gabriellia,Di Pietro,12/26/1986,04047 Macpherson Park,Montpellier,34299 CEDEX 5,849346.92,2020-06-27T14:43:47Z
734,Marguerite,Ivanikhin,05/05/1973,2043 Coolidge Hill,Cete,4580-313,831512.3,2021-04-07T00:27:51Z
735,Orelie,Gullen,10/25/1975,3 Maple Alley,Xiadingjia,,556121,2021-03-28T11:42:17Z
736,Lenette,Argent,12/23/2000,26 Eagle Crest Avenue,San Isidro,45147,47116.12,2020-07-12T19:26:38Z
737,Laughton,Wildgoose,10/06/1994,920 Schmedeman Park,Presnenskiy,901993,793734.25,2021-08-16T06:19:27Z
738,Jerrome,Epgrave,10/14/1992,525 Londonderry Place,Baborów,48-120,788581.19,2021-02-02T15:24:32Z
739,Kaile,Fabbri,5/29/1976,94785 Park Meadow Terrace,Laholm,312 31,765448.28,2020-09-24T23:50:31Z
740,Judie,Breedy,02/10/1995,2 Loftsgordon Avenue,Oslo,669,315480.36,2020-06-21T04:03:51Z
741,Ashbey,Cochran,12/05/1979,87402 Shasta Park,Ardino,4939,354636.29,2021-05-01T14:51:34Z
742,Ellynn,MacCardle,09/03/1990,3 Stang Pass,Bartolomé Masó,,774707.3,2021-04-16T11:25:35Z
743,Osbourn,Claybourn,04/10/1991,3 Shasta Avenue,Lelystad,8214,112913.11,2020-04-01T09:54:02Z
744,Malynda,Cadamy,8/20/1999,2506 Toban Trail,Périgueux,24016 CEDEX,614261.43,2020-10-30T17:57:07Z
745,Rachelle,Tyrwhitt,8/22/1974,7 Veith Terrace,Tortosa,6119,273366.85,2021-06-22T23:03:32Z
746,Darell,Sirmon,9/30/1997,082 Talisman Trail,Shalqīya,,508081.14,2020-04-15T22:54:36Z
747,Livia,Gooder,07/07/1973,37666 Spenser Drive,Hushan,,574627.28,2021-10-27T17:46:18Z
748,Nadya,Tsar,10/12/1980,60 Crowley Hill,Jacinto Arauz,8208,110459.17,2021-05-30T02:55:40Z
749,Jamaal,Shropsheir,01/09/1975,963 Meadow Valley Center,Miasteczko Śląskie,42-610,808822.58,2020-11-23T06:23:16Z
750,Emmi,Bicker,2/23/2002,3 Forster Avenue,Corujeira,3070-106,69849.04,2021-09-09T01:14:06Z
751,Thornie,Chatenet,11/23/2001,8 Clove Drive,San José de Miranda,682027,206686.39,2020-10-10T21:48:27Z
752,Saleem,Perch,8/13/1976,9 Gerald Place,Kafr Miṣr,,650285.2,2020-02-03T16:39:50Z
753,Reinaldo,Stear,10/27/1984,81 Lunder Trail,Lianhe,,258758.62,2021-01-18T16:58:46Z
754,Leah,Bamblett,4/20/2003,7726 Anderson Way,Bor,,534680.73,2021-09-20T23:12:45Z
755,Harlene,Wrate,4/18/1996,71 Longview Trail,Maroa,,252716.99,2021-12-01T23:44:38Z
756,Dasha,Gregson,3/16/1986,42 Ridgeway Hill,Ostrowite,87-522,980844.37,2021-09-03T13:52:13Z
757,Hildy,Maruszewski,10/06/1984,0 Mayer Pass,Solok Timur,,257864.66,2020-01-19T07:26:51Z
758,Myra,Antonik,08/07/1994,893 Packers Drive,Wādī Raḩḩāl,,830885.5,2021-01-14T12:59:43Z
759,Audry,Rossander,2/16/1977,6861 Northridge Center,Cihaur,,558209.68,2021-03-09T10:19:04Z
760,Killie,Coneau,5/19/1977,838 Weeping Birch Drive,Ondoy,5607,303192.48,2021-02-14T04:26:46Z
761,Kamila,Beavan,8/27/1990,1670 Maryland Crossing,Paraíso,,558029.92,2020-03-23T01:54:35Z
762,Sharona,Thams,10/31/1991,30346 Granby Terrace,Babakan,,540842.8,2021-11-29T12:48:25Z
763,Norah,Hadland,2/23/1977,383 Bunting Lane,Itararé,18460-000,173490.46,2021-09-07T12:38:21Z
764,Rodi,Ionn,01/12/1970,6 Gale Street,Timbulsari,,442193.15,2020-05-19T10:54:35Z
765,Phillida,Elletson,12/18/2001,84673 Gateway Point,Shigou,,525307.58,2020-09-05T22:04:46Z
766,Shelby,MacLachlan,6/26/1985,032 Dahle Street,Warudoyong,,780312.89,2021-08-25T12:06:35Z
767,Ramsay,Gerault,1/19/1985,87 Northwestern Lane,Soledade,99300-000,59105.72,2021-08-13T08:28:27Z
768,Yankee,Matthis,2/25/2004,6 Bowman Crossing,Camias,2307,698265.76,2021-11-05T18:51:14Z
769,Emlen,Santer,1/20/1985,20747 Melrose Avenue,Rzhev,172389,475603.9,2021-12-05T00:49:06Z
770,Katya,Shinfield,1/29/1996,251 Melby Avenue,Maao,6124,502930.11,2020-10-23T00:03:23Z
771,Carolus,Petrasch,02/06/1997,3 Susan Street,Taloqan,,930082.87,2021-02-12T03:35:20Z
772,Yvon,McCrisken,03/12/1996,0332 Buena Vista Center,Nine,4775-446,741961.99,2020-05-01T06:56:22Z
773,Frayda,Harhoff,11/07/1981,05129 Di Loreto Terrace,Las Tejeras,,280282.53,2021-12-12T20:38:26Z
774,Niall,Goathrop,12/13/1971,9297 Delaware Plaza,Machico,9200-088,857414.17,2020-08-18T20:35:32Z
775,Cindie,Munnings,12/09/1977,687 School Pass,Binglincha,,480392.79,2020-03-14T09:07:15Z
776,Virginia,Stegel,05/08/1975,975 Delladonna Terrace,Watulumbung,,564728.98,2021-10-08T22:43:35Z
777,Kenna,Flecknoe,10/14/1989,25 Mcbride Point,Kushtia,7052,28759.3,2021-05-04T15:43:01Z
778,Ariel,Wise,1/30/1973,14 Meadow Vale Junction,Arroio do Meio,95940-000,398165.95,2020-11-17T17:20:41Z
779,Maybelle,Pionter,08/10/1973,45964 Memorial Lane,Cikiruh,,815927.65,2021-09-19T19:15:35Z
780,Vyky,Stede,9/26/2003,2101 Waubesa Parkway,San Miguel,,253474.35,2021-05-02T01:45:07Z
781,Rabi,MacNamara,9/27/1983,1 Esch Alley,Kubangkondang,,500921.66,2021-03-24T04:50:59Z
782,Alexina,Pren,05/11/1980,27 Calypso Plaza,Ko Chan,20240,134356.71,2020-09-02T02:09:31Z
783,Benni,Garth,11/02/1991,4 Charing Cross Place,Minamata,869-5604,409617.75,2021-08-05T23:23:44Z
784,Haslett,Clandillon,3/27/2004,658 Continental Junction,Baozhu,,175018.91,2021-11-26T22:24:04Z
785,Stephana,McAdam,7/13/1996,13 Graceland Court,Haiyangsuo,,169288.46,2020-07-03T12:50:01Z
786,Erl,Ezzell,10/09/1973,10 Sauthoff Drive,Los Santos,684009,313612.27,2020-08-10T15:39:32Z
787,Butch,Flaunders,1/13/2002,1 Schurz Parkway,Hinlayagan Ilaud,8301,71770.35,2021-11-28T13:13:11Z
788,Nara,Pettegre,11/05/1984,6 Barnett Park,Sredno Konjare,1060,333180.23,2021-05-17T08:14:34Z
789,Debbi,Babbs,1/28/1975,03026 Hoepker Center,Wushi,,435018.84,2021-11-07T08:35:31Z
790,Lefty,Beesey,11/28/1990,534 Eastlawn Circle,Sabang,8702,510884.81,2020-02-28T11:04:17Z
791,Rene,Repper,01/10/1970,98 Lake View Plaza,Debar,1250,69485.49,2020-08-15T16:54:25Z
792,Korie,Bison,3/28/1987,6 Summerview Street,Al Nashmah,,899107.19,2020-11-04T22:18:11Z
793,Karyn,Pidgeley,10/27/1977,591 Redwing Road,Ladysmith,V9G,509138.5,2020-03-21T17:28:45Z
794,Mozes,Shilliday,04/01/1987,729 Prairie Rose Circle,Villa Santa Rita,4600,740908.91,2021-11-17T09:42:51Z
795,Karna,Carrack,06/01/1983,30 Loeprich Trail,Chulabhorn,58120,152147.7,2021-04-28T23:44:40Z
796,Aldin,Skeath,7/28/2001,37 Mesta Crossing,Chicago,60604,12174.61,2021-10-03T11:47:50Z
797,Jeffie,Branscomb,06/01/1985,3251 Ramsey Park,Chadan,668110,401041.74,2020-08-31T02:17:49Z
798,Rowland,Hawley,8/20/1971,4 Hazelcrest Drive,Frederico Westphalen,98400-000,620607.93,2021-06-23T13:38:01Z
799,Galven,Abell,9/21/1992,5376 Del Mar Point,Krzczonów,32-435,647916.86,2021-03-17T03:16:14Z
800,Benoite,Symondson,05/04/1997,74618 Heath Junction,As Sūq al Jadīd,,521727.08,2021-05-25T22:00:17Z
801,Rebecka,Steptowe,1/15/1985,68 Oakridge Park,Opatówek,62-860,919180.27,2020-09-16T13:15:09Z
802,Kendra,Morrieson,10/19/2005,021 Fallview Lane,Tubigan,9022,142084.73,2021-07-07T09:44:15Z
803,Vivienne,Gotcliffe,12/19/1988,6080 Sunfield Way,Malkā,,6493.49,2021-03-14T14:35:57Z
804,Shelby,Deer,10/24/1992,210 Macpherson Street,Itaguaí,23800-000,976285.53,2020-01-21T02:07:23Z
805,Justis,Gery,2/16/1976,099 Tomscot Drive,Ipil,7001,327889.83,2021-11-08T19:54:27Z
806,Corabella,Crannach,03/02/1974,0 Prairie Rose Junction,Cawayan Bugtong,4332,704371.87,2021-10-04T15:17:21Z
807,Bailie,Lilleyman,12/08/1981,3215 Sutherland Trail,Nusajaya,79518,904560.82,2021-12-20T20:46:33Z
808,Tait,Seiller,2/16/1988,58 Cascade Place,Odivelas,7900-374,569374.36,2020-09-26T07:11:53Z
809,Lizabeth,Clubley,4/15/2003,00 La Follette Drive,Filiátes,,769818.82,2020-09-06T14:55:16Z
810,Riki,Cully,8/15/1984,5294 Mitchell Crossing,Bilopillya,,772347.4,2021-05-26T23:13:13Z
811,Shepherd,Clemendet,3/23/1987,72849 Lillian Street,Fenshui,,421856.11,2021-09-11T02:54:35Z
812,Barrie,Thackray,09/09/1977,2 Bunker Hill Way,Radā‘,,860549.38,2021-09-19T10:06:47Z
813,Jamaal,Duthy,1/30/1995,27492 Northridge Center,Pieniężno,14-520,795190.62,2020-09-04T08:45:24Z
814,Augy,Exeter,3/21/2005,089 Westport Park,Tāngāil,3062,768648.74,2021-10-08T08:52:23Z
815,Konrad,Watting,10/07/1974,20 Helena Park,Santo Tomas,8112,634162.66,2020-02-15T00:25:52Z
816,Hettie,Pagan,6/22/2000,54 Corscot Drive,Sydney,1191,801619.62,2020-07-26T06:59:48Z
817,Zack,Salzburg,8/13/2002,1957 Oak Way,Shiguai,,765421.98,2020-08-24T11:17:23Z
818,Clemmy,Celier,01/08/1977,75 Iowa Place,Damasak,,788999.79,2020-04-02T15:03:15Z
819,Kaylee,Petticrew,06/04/2005,3136 Messerschmidt Road,Bordeaux,33036 CEDEX,501103.17,2020-05-17T14:59:01Z
820,Freda,Dalton,7/21/1989,254 Mallory Center,Mariel,,889693.34,2021-10-30T17:13:58Z
821,Chauncey,Chaytor,02/07/1987,3 Scott Place,Sirinhaém,55580-000,849486.96,2021-08-09T03:04:14Z
822,Frankie,Lamswood,1/21/1986,2572 Corscot Circle,Panique,8717,101127.19,2021-05-11T15:00:26Z
823,Tilly,Belchem,11/25/1970,3076 Stang Avenue,Las Palomas,,888134.97,2020-09-13T03:59:53Z
824,Elliott,Habbijam,08/08/1989,80 Birchwood Way,Zhoukou,,649683.38,2020-05-10T23:36:08Z
825,Rosie,Allsepp,05/03/1979,943 Riverside Trail,Medeiros Neto,45960-000,115349.25,2020-04-04T01:39:54Z
826,Moshe,Scardifield,1/17/1971,3 Atwood Pass,Rogóźno,86-318,977390.27,2020-11-08T12:32:07Z
827,Myranda,Martinie,4/30/1995,6 Pennsylvania Crossing,Kaduranca,,639825.74,2020-07-22T00:39:17Z
828,Constantine,Stilwell,2/15/1972,3404 Crowley Junction,Ōmiya,319-3117,310910.07,2020-07-13T19:05:11Z
829,Marj,Ferrick,9/14/1988,98672 Glendale Street,Lingbeizhou,,606649.23,2020-08-19T16:29:33Z
830,Ermentrude,Abdon,08/11/1994,831 Buell Street,Stockholm,103 50,111265.58,2021-08-01T18:05:58Z
831,Bobette,Tingley,10/10/1970,16 Spaight Center,Bagratashen,,643939.31,2020-12-02T10:48:18Z
832,Noreen,Luker,9/17/1973,41 Green Ridge Avenue,Lucun,,293849.7,2020-04-08T08:11:54Z
833,Scott,Buse,10/26/1981,8 Mallard Junction,Aţ Ţawīlah,,167583.12,2020-12-03T03:58:10Z
834,Dex,Urch,3/18/2004,7 Evergreen Avenue,Brovary,,472940.92,2021-08-30T19:22:38Z
835,Josiah,O Mullen,10/28/1974,8 Elgar Court,Singida,,385687.23,2020-06-27T22:07:19Z
836,Katherine,Esherwood,01/07/1997,60 Lakewood Hill,San Carlos de Bolívar,6550,830781.85,2021-09-19T06:04:45Z
837,Stefano,Girodin,11/02/1972,09816 Blaine Point,Xinglong,,439601.43,2020-05-28T06:45:26Z
838,Arron,Durber,8/15/1996,386 Porter Drive,Almada,2800-011,952550.71,2021-01-06T02:24:02Z
839,Melicent,Proger,06/03/1997,9095 Magdeline Point,Pilawa,08-440,325585.3,2021-07-15T10:45:56Z
840,Kimbra,Meo,04/09/1971,83 Bluejay Terrace,Niihama,595-0814,38825.03,2021-06-04T02:20:27Z
841,Corney,Diggin,03/01/2003,29462 Menomonie Plaza,Baibu,,339013.65,2020-12-26T23:08:09Z
842,Lorrie,Roback,10/09/1983,7 Thompson Pass,Kamogatachō-kamogata,719-0302,368842.42,2021-04-30T15:23:33Z
843,Clayborne,Todaro,3/23/1990,0239 Sugar Point,Manggekompo,,987029.68,2021-06-01T09:25:32Z
844,Lyndell,Lavrick,10/03/2001,8 Almo Plaza,Jinnan,,103782.53,2021-06-20T01:06:14Z
845,Marguerite,Nalder,6/17/1984,037 Monica Center,Oras,6818,738644.36,2021-03-17T11:15:10Z
846,Liz,Gillmore,05/08/1997,56575 Magdeline Center,Cabiguan,1144,841318.25,2020-12-15T18:01:23Z
847,Cthrine,Jordine,4/23/1970,1 Clyde Gallagher Hill,Lamovita,,151368.52,2020-03-28T06:03:51Z
848,Eilis,Dawnay,11/24/1986,90 Merrick Center,Luftinjë,,827522.25,2021-12-20T00:08:10Z
849,Iorgos,Romaint,11/29/1977,230 Porter Parkway,Retorta,4480-345,754753.58,2021-09-24T14:29:46Z
850,Melamie,Kerner,10/08/1988,85554 Anthes Avenue,Guapi,196009,306012.48,2021-05-18T05:55:09Z
851,Nert,Dillway,3/31/1975,3494 Forster Crossing,Idi Rayeuk,,872644.17,2020-08-31T19:36:55Z
852,Aurie,Benitez,12/31/1997,0 Moose Pass,Bagong Pagasa,1477,935655.41,2021-03-30T22:16:26Z
853,Elvina,Mashal,10/11/1988,56 Farmco Drive,Maguyam,9400,138940.16,2020-12-27T20:59:16Z
854,Chaddy,Tardiff,01/11/1981,0220 Bluejay Park,Supu,,825076.79,2021-02-25T00:23:50Z
855,Woodman,Roskruge,07/10/1975,376 Hooker Place,Mališevo,,695443.93,2020-03-19T02:14:57Z
856,Dorris,Asling,3/18/2001,8 Maryland Junction,Hohhot,,65181.62,2020-10-25T13:45:50Z
857,Burch,Bunker,6/23/1996,569 Kennedy Center,Mernek,,111567.3,2021-10-16T20:48:09Z
858,Penelope,Degg,9/22/2004,91 John Wall Street,Zhangdian,,827566.8,2021-10-01T13:20:39Z
859,Perren,Sabbatier,5/31/1994,2981 Shasta Plaza,Moret-sur-Loing,77815 CEDEX,44191.54,2020-08-23T02:24:14Z
860,Melosa,Donald,04/07/1983,0 Dwight Court,Soroca,MD-4901,704988.43,2021-04-12T17:10:28Z
861,Peg,Putterill,03/02/2005,2060 Hanson Street,Nynäshamn,149 81,552759.97,2020-09-17T12:02:52Z
862,Flem,Phythian,11/24/2001,67118 Cottonwood Pass,Diekirch,L-9378,375502.93,2021-12-02T08:02:58Z
863,Sherlocke,Bulward,10/06/1995,11 Green Court,Zhouwang,,350851.36,2020-01-26T20:40:20Z
864,Krissy,Sallinger,11/14/2002,04795 Westport Terrace,Araucária,83700-000,563198.4,2021-06-20T14:02:41Z
865,Kenny,Goodson,10/15/1979,29 Westend Center,Tirmiz,,719218.51,2021-12-17T23:14:27Z
866,Jemmie,Phillcock,1/17/1979,950 Grasskamp Alley,Arzila,3045-356,236220.57,2020-08-20T11:08:19Z
867,Mordecai,Joselovitch,12/21/1985,338 Basil Terrace,São Martinho,4780-320,210376.01,2021-10-19T11:33:54Z
868,Lisle,Waiton,11/27/1990,0587 Bartelt Parkway,Weiqi,,224725.46,2021-12-28T07:04:01Z
869,Derward,Rudyard,5/26/1973,33808 Fulton Alley,Pinghu,,792669.92,2021-08-26T22:00:12Z
870,Adoree,Guilfoyle,03/07/2005,294 Cottonwood Road,Izhmorskiy,652120,950912.52,2021-11-20T02:21:02Z
871,Ab,Bearsmore,3/16/1989,3140 Dottie Hill,Altavista,87900,201787.31,2020-09-14T13:24:19Z
872,Sophi,Partleton,9/21/1985,847 Cardinal Crossing,Carrizal,,33652.33,2021-10-26T21:20:35Z
873,Michele,Fulleylove,11/01/1983,16 Acker Circle,Dobrzeń Wielki,46-081,560128.9,2020-04-07T07:43:25Z
874,Jefferey,Ruthen,8/23/1978,402 Pepper Wood Avenue,Kuantan,25646,551537.89,2021-02-17T16:42:15Z
875,Inge,Leydon,9/21/1987,4 Walton Parkway,Yuanyang,,252089.73,2020-01-09T15:58:06Z
876,Ema,St. Paul,4/23/1978,7349 Lotheville Terrace,Kasina Wielka,34-741,353752.75,2020-08-03T06:07:16Z
877,Hansiain,Nowaczyk,3/30/1988,547 Hanson Park,Liuduzhai,,458341.06,2021-07-19T05:31:41Z
878,Maribeth,Purver,2/20/2001,9 Burning Wood Lane,Tinambac,4426,246653.12,2021-07-29T17:55:30Z
879,Quintina,Toupe,9/25/2004,81563 Transport Terrace,Sulbiny Górne,08-420,475731.46,2020-09-09T16:17:10Z
880,Petrina,Colaco,12/17/1988,45660 Hooker Pass,København,1349,724014.53,2021-07-25T01:35:25Z
881,Buiron,Yousef,11/18/2003,758 Upham Park,Śmiłowo,64-810,401714.06,2020-03-22T18:15:01Z
882,Reinwald,Eady,12/22/1971,42876 Arkansas Lane,Gävle,801 06,907586.23,2021-10-20T19:02:42Z
883,Cecilio,Coffee,12/27/1981,92 Dakota Trail,Arles,13637 CEDEX,868352.99,2021-09-01T15:11:26Z
884,Blake,Spawforth,8/22/1980,39 Fisk Place,Shahe,,508687.64,2021-04-06T19:18:49Z
885,Tasia,Yair,12/07/2004,5 Fordem Street,Rialma,76310-000,340755.73,2020-02-08T19:44:32Z
886,Clarinda,Longmead,8/27/2005,553 Anderson Trail,New York City,10045,685178.48,2020-09-11T04:34:35Z
887,Winston,Parrin,1/26/1983,7 Fairview Way,Starigrad,53284,780600.06,2020-12-01T07:13:01Z
888,Sonnie,Janouch,11/05/1993,83 David Court,Soho,,950025.53,2021-07-13T13:06:01Z
889,Lind,Nowakowska,6/23/2005,8 Kedzie Parkway,Leskovac,,814022.74,2021-05-18T03:20:25Z
890,Gayel,McGaugie,10/14/1996,27 Leroy Park,Pajić Polje,,653959.69,2020-01-17T22:28:59Z
891,Chelsae,Keats,02/04/1998,242 Messerschmidt Terrace,Napier,4147,630294.4,2021-09-09T20:52:51Z
892,Thibaud,Yong,11/23/1974,096 Colorado Way,Ryczów,34-115,46612.14,2021-01-16T10:16:27Z
893,Brocky,Whetnell,5/17/2004,4 Birchwood Junction,Nova Iguaçu,26000-000,602583.17,2021-01-01T00:25:36Z
894,Helli,De Hoogh,10/30/1982,63 Golf View Hill,Rudniki,46-325,381181.9,2021-03-04T05:31:49Z
895,Gayleen,Henstone,12/25/2000,461 Boyd Drive,Xinsheng,,297404.6,2020-08-03T06:49:15Z
896,Jayson,Cammomile,12/17/1992,9 Thackeray Avenue,Clermont-Ferrand,63032 CEDEX 9,619676.41,2020-01-03T13:46:37Z
897,Livia,Rowesby,02/09/1982,04 Del Sol Road,Henglin,,26187.49,2021-11-09T20:12:23Z
898,Teodorico,Gilchriest,5/21/1970,72 Harbort Way,Jingnao,,384466.44,2020-01-16T12:33:18Z
899,Dag,Lockery,8/28/1982,600 Cascade Alley,Seredeyskiy,249295,253134.99,2020-12-20T04:09:27Z
900,Helyn,Arndtsen,6/13/1988,09 South Parkway,Dengfang,,909273.29,2020-04-29T03:11:38Z
901,Glenn,Keeling,3/22/1984,46874 Lien Court,Lawdar,,265707.61,2020-08-23T16:10:06Z
902,Doro,Bassam,8/17/1997,8227 Monica Lane,Sampungu,,503062.28,2020-07-31T12:11:50Z
903,Alwin,Kobsch,01/03/1971,553 Thackeray Street,Corga,4960-330,768707.15,2021-08-30T06:53:20Z
904,Brandi,Vaillant,1/14/1997,803 Marquette Parkway,Ambon,,23124.92,2021-12-14T05:48:09Z
905,Cheslie,Deny,2/20/1976,457 Dorton Point,Hecheng,,609947.58,2020-10-23T03:40:00Z
906,Lucinda,Daffern,10/28/2002,10 Fuller Trail,Al Bājūr,,347652.75,2021-08-06T16:02:23Z
907,Carolee,Whitland,11/16/1981,323 Garrison Terrace,Tokushima-shi,779-0312,89490.78,2020-11-24T07:05:17Z
908,Joye,Silburn,11/19/1972,40 Granby Pass,Iḩsim,,803296.29,2021-10-23T02:41:42Z
909,Sigismundo,Eburne,04/02/1993,3 Main Terrace,Richmond,V6Z,666278.44,2021-02-27T20:16:28Z
910,Cynthia,McEvay,04/08/1993,19801 Beilfuss Court,Pasembon,,68279.96,2021-08-03T13:32:55Z
911,Fallon,Lutty,04/09/1984,82814 Eagle Crest Park,Nanping,,112282.34,2021-09-09T13:37:46Z
912,Floyd,Morrid,4/30/1986,26 Farmco Plaza,Zvenyhorodka,,360393.62,2020-01-12T22:22:33Z
913,Dulcie,Buckham,11/01/1997,59 Thompson Point,Xianyan,,48525.86,2020-04-20T11:42:50Z
914,Darcie,Jiroudek,11/15/1981,08941 Express Center,Město Libavá,783 06,576773.05,2020-08-26T23:00:18Z
915,Doro,McCrainor,07/05/1977,14361 Texas Drive,Karangbungur,,787161.58,2021-04-07T22:02:05Z
916,Lindsey,Kings,4/22/1980,7863 Mayfield Center,Banjar Pekandelan,,604629.11,2020-07-14T06:22:27Z
917,Latashia,Borley,02/03/1983,8 Graedel Park,Souto da Costa,3700-599,728673.54,2021-11-12T10:18:07Z
918,Aura,Chittey,01/09/1983,6 Kensington Alley,Karagach,361023,312129.08,2020-09-02T01:05:28Z
919,Sidney,Andrioletti,01/10/2005,84 Lunder Hill,Bertioga,11250-000,839153.94,2020-08-28T06:15:36Z
920,Bobina,Haylands,11/22/2004,7665 Cascade Crossing,Metahāra,,855116.98,2021-04-23T09:49:08Z
921,Arv,Stell,8/22/1979,9337 Stuart Terrace,Rangpur,5470,185150.54,2021-01-24T03:59:02Z
922,Pat,Cursey,5/26/1975,369 Dixon Trail,Hamm,59071,73394.86,2020-02-06T16:14:42Z
923,Bogart,Spawton,7/28/1991,80976 Nelson Way,Likiep,96960,474332.63,2021-12-31T16:45:22Z
924,Guillaume,Trask,08/06/1992,3 Del Mar Drive,Mujães,4905-515,278812.89,2021-03-08T22:14:00Z
925,Nertie,Eckly,6/14/1974,749 Meadow Valley Road,Korczyna,38-420,612320.62,2021-01-01T13:06:38Z
926,Marybeth,Hovy,2/19/2004,270 Autumn Leaf Alley,Castainço,3630-074,986880.09,2021-01-20T02:53:14Z
927,Jeane,Janoch,10/29/1986,3 Manley Circle,Nizhnyaya Salda,624742,245967.56,2020-04-16T08:29:43Z
928,Tamiko,Duffil,11/09/2005,15627 Scofield Point,Novokuybyshevsk,446209,653083.43,2021-10-30T09:43:11Z
929,Phebe,Arrowsmith,11/22/1974,93254 Debs Avenue,Hullo,,350201.8,2020-04-13T13:40:37Z
930,Billy,Abrahm,03/02/1970,8 Darwin Terrace,Tangxi,,548002.49,2021-06-20T03:35:39Z
931,Bary,Sennett,6/24/1997,78685 Porter Hill,Mranggen,,112098.28,2020-06-05T07:33:24Z
932,Corrine,Anstead,06/04/1976,42 Utah Point,Xudat,,983730.33,2021-06-22T12:53:56Z
933,Ginevra,Lindeboom,06/03/1970,5 Parkside Court,Laï,,987484.92,2021-01-17T11:12:32Z
934,Etti,Matoshin,09/02/1985,59 Hudson Circle,Koror,,983041.83,2021-05-08T13:43:30Z
935,Beatrisa,Bambrough,02/05/1986,8979 Grim Junction,Hualong,,848019.74,2021-11-08T22:11:57Z
936,Alexina,Baglin,06/11/2000,36792 Mallory Road,Machinga,,55585.27,2021-06-28T00:45:46Z
937,Candie,Rodie,11/24/1988,6085 Jay Parkway,Jackson,39282,705538.57,2021-10-21T19:42:34Z
938,Maggi,Asgodby,06/01/1982,6 Hanover Park,Xipingle,,74141.68,2021-07-20T14:21:55Z
939,Selestina,Klebes,05/07/2003,8813 Sachtjen Avenue,"Laikit, Laikit II (Dimembe)",,341896.44,2020-07-22T06:01:16Z
940,Vittoria,Ravenscroftt,6/20/1998,3730 Graceland Drive,Vulcan,V6M,634085.29,2020-03-25T17:20:52Z
941,Travers,Sale,8/21/1978,9 Cordelia Circle,Wanagiri,,988520.75,2020-10-27T20:14:16Z
942,Kirsti,Kryska,06/01/1983,51473 Forest Dale Road,Charleston,25336,994012.47,2021-05-12T16:08:57Z
943,Christean,Matthewson,04/01/2001,86070 Bashford Parkway,Emiliano Zapata,91560,837704.12,2021-02-25T11:07:30Z
944,Sonny,Wardall,04/08/1994,6183 Wayridge Pass,Dajanrurung,,571612.53,2020-03-23T18:57:09Z
945,Carol-jean,Brownlee,10/15/1970,42 Vernon Plaza,Ipoh,30554,13773.1,2020-07-07T18:46:40Z
946,Justus,Ceresa,10/17/1975,83899 Lakewood Street,Enschede,7514,403026.77,2020-02-01T23:49:34Z
947,Jeanette,Granleese,8/20/1998,60240 Ramsey Drive,Donskoy,301767,104228.58,2020-03-13T13:09:18Z
948,Perry,Berston,02/12/1987,23 Lighthouse Bay Place,Kawanishi,950-3341,549360.6,2020-09-27T16:36:25Z
949,Trixie,Phippen,06/11/1992,8543 East Terrace,Salvacion,1114,437922.95,2020-12-03T22:02:05Z
950,Margarette,Holcroft,01/12/2001,6 Wayridge Way,Santa Cruz,5105,307082.81,2020-07-04T21:31:54Z
951,Parnell,Galle,11/25/1976,6 Loftsgordon Terrace,Sarandi,99560-000,601590.9,2021-06-10T19:51:52Z
952,Suzanna,McCrea,11/28/1982,7 Melody Crossing,Sindong,,200020.99,2021-10-05T02:37:43Z
953,Fredia,Brinkley,5/22/1976,12694 Macpherson Drive,Getafe,28904,469782.69,2021-12-05T11:19:04Z
954,Melodee,Lawley,11/12/1975,29 Sutteridge Road,Leksand,793 50,28528.83,2020-11-19T06:26:16Z
955,Abrahan,Millis,4/28/1985,4 Mockingbird Plaza,Luqiao,,109231.6,2021-01-14T12:53:41Z
956,Shoshanna,Medforth,6/25/1994,1 Luster Crossing,Fauske,8206,266626.28,2021-02-19T14:25:03Z
957,Mikey,Janicek,08/09/2000,51 Riverside Court,Mekarsari,,894086.64,2020-06-02T06:48:48Z
958,Meta,Luetkemeyer,4/26/2005,6 Harbort Court,Nusajaya,79575,469612.22,2020-11-16T03:39:26Z
959,Camila,Edge,04/08/1987,4 Crescent Oaks Park,Vicente Guerrero,39200,3526.47,2021-04-11T16:20:18Z
960,Arel,Wife,9/29/1979,449 Lawn Junction,St. Catharines,L2P,3231.82,2020-11-02T14:52:35Z
961,Bradan,Rosas,02/11/1993,6 Gulseth Hill,Caijiapu,,575038.33,2021-08-10T06:42:34Z
962,Tammie,Halfacre,11/03/1976,46414 Farragut Point,Rende,,332724.45,2021-10-30T15:30:42Z
963,Hammad,Lowden,10/28/2000,89199 Coleman Pass,Huangsha,,694709.88,2020-05-27T13:05:02Z
964,Jordon,Harman,10/29/2000,46 Katie Terrace,Ar Riqāb,,951142.01,2020-08-30T23:25:31Z
965,Sidonnie,Krzyzowski,4/15/1984,6 Vermont Street,Burayevo,452960,566363.17,2021-09-06T20:53:47Z
966,Hilde,Kinman,5/20/1978,2638 5th Crossing,Tobol,,117235.83,2020-01-12T23:10:59Z
967,Ricard,Amthor,11/07/1977,517 Judy Park,Hualgayoc,,920085.35,2021-04-03T18:35:14Z
968,Caitrin,Brigden,1/19/2000,8 Summer Ridge Point,Meixi,,376834.37,2020-05-27T16:19:42Z
969,Osborn,Shuxsmith,9/21/1974,7 Eagle Crest Lane,Obong,2614,229955.17,2021-03-21T19:46:51Z
970,Bengt,O'Tierney,1/28/2001,96 Clarendon Center,Asenovgrad,4219,942734.49,2020-11-03T11:07:51Z
971,Matthias,Dalrymple,03/11/1982,9 Fordem Drive,Ríohacha,440017,778316.41,2021-01-23T03:15:14Z
972,Julius,Jordanson,03/04/1985,234 Washington Terrace,Cherga,649219,588227.86,2021-12-18T12:27:37Z
973,Sibylle,Gaitung,3/29/1973,8 Ruskin Avenue,Baqiao,,222475.38,2020-07-13T09:10:08Z
974,Walliw,Shawcross,10/03/1999,48 Porter Drive,San Matías,,371964.63,2020-09-01T11:20:29Z
975,Allina,Stenet,9/26/1973,5840 Old Gate Place,Batukuta,,56446.58,2020-02-10T13:17:17Z
976,Weylin,McKeon,2/15/1980,2 Sage Hill,Tuochuan,,108001.64,2021-02-12T21:09:13Z
977,Bogart,McCusker,11/16/1974,2227 Schurz Road,Yawata,961-0406,170991.76,2021-09-11T09:08:04Z
978,Ralph,Devil,1/28/2004,59 Dottie Road,Bududa,,295496.19,2020-03-25T07:08:50Z
979,Gavra,Eglinton,05/10/1992,984 Morrow Plaza,President Roxas,9405,980916.54,2020-08-17T14:17:03Z
980,Kerstin,McTerlagh,01/07/1993,55393 Clyde Gallagher Hill,Shirokovskiy,618284,649257.95,2021-10-29T08:50:26Z
981,Horten,Attaway,11/08/1983,3 Gina Terrace,Rungis,94518 CEDEX 1,611422.01,2020-02-07T01:54:48Z
982,Gabi,Tropman,12/31/1971,02 Vidon Circle,El Bolsón,8430,610300.91,2021-06-25T05:55:39Z
983,Patrice,Ranald,09/03/1980,675 Glendale Drive,Karagach,361023,407304.43,2020-06-17T08:49:07Z
984,Sarita,Poleye,2/23/1986,7052 Johnson Center,Khe Tre,,746006.21,2021-10-10T02:01:11Z
985,Bambi,Swindle,11/08/1981,0 Del Sol Center,Belyy Gorodok,172711,171669.14,2021-09-25T10:54:50Z
986,Collin,Doy,03/03/1999,595 Heath Parkway,New York City,10270,716106.8,2020-05-20T17:08:15Z
987,Deny,Babonau,8/19/1989,7177 David Trail,Balinad,4506,741859.4,2021-03-17T13:37:44Z
988,Wynne,MacGauhy,8/23/1997,23914 Brentwood Drive,Mingcheng,,218599.97,2020-05-14T06:39:50Z
989,Adriano,Brinkler,9/20/1993,92548 Ridgeway Lane,Nueva Fuerza,6224,557869.45,2020-08-21T22:16:03Z
990,Kalina,Cometto,09/02/1987,62 Sugar Alley,Ōtsuchi,350-0134,985521.28,2020-02-01T19:35:14Z
991,Antoine,Josipovitz,1/26/1973,81 Sundown Avenue,Xichehe,,497737.65,2021-10-01T14:51:56Z
992,Dorthea,Cathersides,02/01/2003,22 Elka Circle,Tebingtinggi,,171138.67,2021-12-25T08:49:03Z
993,Abram,Seifenmacher,07/07/1992,764 Blue Bill Park Avenue,Sananrejo,,8281.51,2020-05-15T20:55:51Z
994,Ruthy,Dedrick,08/04/2000,86411 Sycamore Crossing,Loga,,338029.37,2020-11-09T11:08:15Z
995,Esme,Medgwick,11/23/2000,954 International Trail,Salerno,84124,522260.4,2020-10-23T10:48:10Z
996,Twila,Garwood,9/17/1981,7 Muir Point,Batelov,588 51,944034.16,2021-12-22T15:54:55Z
997,Sigfrid,Bertenshaw,2/17/1986,5570 Golf Course Avenue,New York City,10004,252844.82,2021-01-19T02:09:18Z
998,Hayley,Prime,10/30/1986,469 Dorton Point,Venilale,,115472.09,2021-03-16T12:14:39Z
999,Clarette,Elfleet,5/16/1986,143 Prentice Avenue,Fort Dauphin,,612914.12,2020-06-27T12:57:14Z
1000,Fae,Guise,6/24/1999,95851 Iowa Crossing,Granada,252257,127229.31,2020-03-01T16:00:43Z
